time,pos_x,pos_y,pos_z,q,p1,p2,p3
1589544081.4109669,-0.0,0.21628431954741664,0.56,0.7164306640625,-0.1378173828125,-0.16876220703125,0.66278076171875
1589544081.4209669,-0.0,0.21628431954741664,0.56,0.716350039071385,-0.137939453125,-0.1684788867365198,0.662922421866115
1589544081.4309669,-0.0,0.21628431954741664,0.56,0.7162813817269904,-0.13796666514800965,-0.16839599609375,0.6629910792105096
1589544081.4409668,-0.0,0.21628431954741664,0.56,0.71624755859375,-0.13800048828125,-0.16839599609375,0.66302490234375
1589544081.4509668,-0.0,0.21628431954741664,0.56,0.71624755859375,-0.13800048828125,-0.1683758650758067,0.66302490234375
1589544081.4609668,-0.0,0.21628431954741664,0.56,0.71624755859375,-0.1380096046799543,-0.1683349609375,0.66302490234375
1589544081.4709668,-0.0,0.21628431954741664,0.56,0.7162210311408082,-0.13803499598455815,-0.16836148839044185,0.6630514297966918
1589544081.4809668,-0.0,0.21628431954741664,0.56,0.7161865234375,-0.13800048828125,-0.16845582543858464,0.6630859375
1589544081.4909668,-0.0,0.21628431954741664,0.56,0.7161672667289289,-0.13798123157267891,-0.1685565798233922,0.6630859375
1589544081.5009668,-0.0,0.21628431954741664,0.56,0.71612548828125,-0.137939453125,-0.16867876572052617,0.6630859375
1589544081.5109668,-0.0,0.21628431954741664,0.56,0.7161000437347907,-0.137939453125,-0.16889957582687762,0.6630859375
1589544081.5209668,-0.0,0.21628431954741664,0.56,0.7160405890672297,-0.13791558906722964,-0.1691018038873314,0.6630859375
1589544081.5309668,-0.0,0.21628431954741664,0.56,0.715975267287262,-0.13787841796875,-0.16936309100720207,0.6630859375
1589544081.5409667,-0.0,0.21628431954741664,0.56,0.7159129093840326,-0.13787841796875,-0.1696125226201197,0.6630859375
1589544081.5509667,-0.0,0.21628431954741664,0.56,0.7158526451157698,-0.13787841796875,-0.16985357969317072,0.6630859375
1589544081.5609667,-0.0,0.21628431954741664,0.56,0.7158203125,-0.13785700237184786,-0.1700471569469564,0.6630645219030978
1589544081.5709667,-0.0,0.21628431954741664,0.56,0.7158364447603799,-0.1378173828125,-0.17021441240613958,0.6630087700833701
1589544081.5809667,-0.0,0.21628431954741664,0.56,0.7159100779820802,-0.13784611313833017,-0.17037785141958017,0.6629351368616698
1589544081.5909667,-0.0,0.21628431954741664,0.56,0.7159722402209738,-0.13787841796875,-0.17041015625,0.6628729746227762
1589544081.6009667,-0.0,0.21628431954741664,0.56,0.7160327915227379,-0.13790779152273788,-0.17043952980398788,0.6627830497670243
1589544081.6109667,-0.0,0.21628431954741664,0.56,0.716064453125,-0.137939453125,-0.1705695515029407,0.6626951365383273
1589544081.6209667,-0.0,0.21628431954741664,0.56,0.716064453125,-0.137939453125,-0.1708342260185856,0.6626111338113158
1589544081.6309667,-0.0,0.21628431954741664,0.56,0.7160933808947294,-0.137939453125,-0.17116514666114718,0.6624787655542911
1589544081.6409667,-0.0,0.21628431954741664,0.56,0.71612548828125,-0.1379214522481018,-0.17141568797824108,0.6623785490274535
1589544081.6509666,-0.0,0.21628431954741664,0.56,0.7161272855130338,-0.13787841796875,-0.17163625107035138,0.6622906832369662
1589544081.6609666,-0.0,0.21628431954741664,0.56,0.716203237321271,-0.13787841796875,-0.17183067872752106,0.6621980175449579
1589544081.6709666,-0.0,0.21628431954741664,0.56,0.7162601080850645,-0.13787841796875,-0.1718875494913144,0.6620968255086855
1589544081.6809666,-0.0,0.21628431954741664,0.56,0.7163281144116326,-0.13787841796875,-0.17193603515625,0.6620288191821174
1589544081.6909666,-0.0,0.21628431954741664,0.56,0.7163780854057791,-0.13787841796875,-0.17193603515625,0.6619788481879709
1589544081.7009666,-0.0,0.21628431954741664,0.56,0.7164566476004465,-0.13787841796875,-0.17193603515625,0.6619002859933035
1589544081.7109666,-0.0,0.21628431954741664,0.56,0.7165134349842479,-0.13787841796875,-0.1719577709217479,0.6618434986095021
1589544081.7209666,-0.0,0.21628431954741664,0.56,0.7165664655472531,-0.13786468679649683,-0.1719970703125,0.6617904680464969
1589544081.7309666,-0.0,0.21628431954741664,0.56,0.7166365526885735,-0.1378173828125,-0.1719970703125,0.6617203809051765
1589544081.7409666,-0.0,0.21628431954741664,0.56,0.7166748046875,-0.1378173828125,-0.1719970703125,0.6616576853218271
1589544081.7509665,-0.0,0.21628431954741664,0.56,0.7166991128660888,-0.1378173828125,-0.1719970703125,0.6615967855714112
1589544081.7609665,-0.0,0.21628431954741664,0.56,0.7167568144697477,-0.1378173828125,-0.1719970703125,0.6615390839677523
1589544081.7709665,-0.0,0.21628431954741664,0.56,0.7168127536231971,-0.1378332614356971,-0.1719811916893029,0.6614990234375
1589544081.7809665,-0.0,0.21628431954741664,0.56,0.71685791015625,-0.13785223489460646,-0.17193603515625,0.6614990234375
1589544081.7909665,-0.0,0.21628431954741664,0.56,0.7168187792357699,-0.1378173828125,-0.17193603515625,0.6615185888977401
1589544081.8009665,-0.0,0.21628431954741664,0.56,0.7167289986025248,-0.13783790653617548,-0.17190867019134937,0.6615737410762003
1589544081.8109665,-0.0,0.21628431954741664,0.56,0.7166187581874295,-0.13801449990626763,-0.17170590615626763,0.6617381754063205
1589544081.8209665,-0.0,0.21628431954741664,0.56,0.7164625512399606,-0.13805355164313485,-0.17174495789313485,0.6618943823537894
1589544081.8309665,-0.0,0.21628431954741664,0.56,0.7160812940662037,-0.13819622066858467,-0.1719612889934193,0.662269326068254
1589544081.8409665,-0.0,0.21628431954741664,0.56,0.7157106406045586,-0.13830212165762612,-0.17217309097150224,0.6625870290353784
1589544081.8509665,-0.0,0.21628431954741664,0.56,0.714984883859824,-0.13841591179517782,-0.17265663445142782,0.663188944265176
1589544081.8609664,-0.0,0.21628431954741664,0.56,0.7145269424719243,-0.13855135558707676,-0.17278742554459647,0.6636476611028641
1589544081.8709664,-0.0,0.21628431954741664,0.56,0.713391157905318,-0.13872069373045937,-0.17253418203613516,0.6648559100585468
1589544081.8809664,-0.0,0.21628431954741664,0.56,0.7124483485335168,-0.13891935570782962,-0.1724861865832074,0.6658475499039832
1589544081.8909664,-0.0,0.21628431954741664,0.56,0.7110968406495748,-0.13921373733883505,-0.17254638671875,0.6672169181508703
1589544081.9009664,-0.0,0.21628431954741664,0.56,0.7103291532814108,-0.1393657739941105,-0.17248635398445536,0.6680427884959129
1589544081.9109664,-0.0,0.21628431954741664,0.56,0.709065861525923,-0.1396111160883494,-0.17193945700756086,0.6694639917208367
1589544081.9209664,-0.0,0.21628431954741664,0.56,0.7080749107121256,-0.13981756417455715,-0.17165042968686997,0.6705788113863587
1589544081.9309664,-0.0,0.21628431954741664,0.56,0.7054885967783426,-0.14038073020542643,-0.17122993728052316,0.6732693880794578
1589544081.9409664,-0.0,0.21628431954741664,0.56,0.7035571245026088,-0.14076346355524455,-0.17077718025564312,0.6752966934965852
1589544081.9509664,-0.0,0.21628431954741664,0.56,0.701536947183387,-0.1411963586950778,-0.17044048403577283,0.6773649702757883
1589544081.9609663,-0.0,0.21628431954741664,0.56,0.6982107922536085,-0.14124640850923173,-0.16905146324007878,0.6811779885738002
1589544081.9709663,-0.0,0.21628431954741664,0.56,0.6964745495191692,-0.14128334984400703,-0.16838651921412331,0.683098937982116
1589544081.9809663,-0.0,0.21628431954741664,0.56,0.6929733156638241,-0.1414630309923515,-0.16726308600954204,0.6868320004847774
1589544081.9909663,-0.0,0.21628431954741664,0.56,0.6901556438591014,-0.14171839260468383,-0.1665063718006353,0.6898572538183956
1589544082.0009663,-0.0,0.21628431954741664,0.56,0.6857962359349282,-0.14217801393047705,-0.16542711355875536,0.6943307171900718
1589544082.0109663,-0.0,0.21628431954741664,0.56,0.6828189664949994,-0.14263217367555095,-0.16477110503809309,0.6973079866300006
1589544082.0209663,-0.0,0.21628431954741664,0.56,0.6783370020874181,-0.14329421175536886,-0.16381979448242487,0.7017849843668464
1589544082.0309663,-0.0,0.21628431954741664,0.56,0.6736811356999234,-0.14395682759688577,-0.16291875119685945,0.7063496712750742
1589544082.0409663,-0.0,0.21628431954741664,0.56,0.6700523402245158,-0.14447634108814156,-0.162186860101041,0.7098402288089776
1589544082.0509663,-0.0,0.21628431954741664,0.56,0.6671394404440318,-0.14491768953973003,-0.16161310711397597,0.7125765892088262
1589544082.0609663,-0.0,0.21628431954741664,0.56,0.6620936688331486,-0.14554339384501583,-0.160548564591693,0.7174235825723102
1589544082.0709662,-0.0,0.21628431954741664,0.56,0.6585810573539127,-0.145962810141044,-0.15986701311064724,0.7206775278099402
1589544082.0809662,-0.0,0.21628431954741664,0.56,0.6536961256440224,-0.14652916290475138,-0.1589221238018903,0.7252414891876193
1589544082.0909662,-0.0,0.21628431954741664,0.56,0.6497542809435093,-0.14693494103568655,-0.15815648511612693,0.7288355240616164
1589544082.1009662,-0.0,0.21628431954741664,0.56,0.6457376413249043,-0.1473374579894105,-0.1573315758892922,0.7324886934947418
1589544082.1109662,-0.0,0.21628431954741664,0.56,0.641940575515697,-0.1476755025104083,-0.15656508918230524,0.7359005497291019
1589544082.1209662,-0.0,0.21628431954741664,0.56,0.6380039609641389,-0.14813192158884983,-0.15582340817983775,0.7394377975870238
1589544082.1309662,-0.0,0.21628431954741664,0.56,0.632950050370338,-0.1487095171228542,-0.15481266632406762,0.7438308999057817
1589544082.1409662,-0.0,0.21628431954741664,0.56,0.6289870442093151,-0.14914962777935303,-0.15402549723327674,0.7472335824810304
1589544082.1509662,-0.0,0.21628431954741664,0.56,0.6249243223579302,-0.14949969906140922,-0.15325634884658604,0.7507588967067514
1589544082.1609662,-0.0,0.21628431954741664,0.56,0.6206275435142959,-0.14982216453133573,-0.15240118218724277,0.7544002718370736
1589544082.1709661,-0.0,0.21628431954741664,0.56,0.6175168534736717,-0.150022854211376,-0.15179911314712194,0.7570594100976072
1589544082.1809661,-0.0,0.21628431954741664,0.56,0.6145500897659011,-0.1501740370802296,-0.15124581586207478,0.7595239207479169
1589544082.1909661,-0.0,0.21628431954741664,0.56,0.6100170119236481,-0.1504296933807624,-0.15028318695290338,0.7633594382181959
1589544082.2009661,-0.0,0.21628431954741664,0.56,0.6078668784814113,-0.150591967602818,-0.14983693284225047,0.7651038861052937
1589544082.210966,-0.0,0.21628431954741664,0.56,0.603902569041223,-0.1509000579541088,-0.14903133047035108,0.7683413784034143
1589544082.220966,-0.0,0.21628431954741664,0.56,0.6013572718724002,-0.15105589247464896,-0.14845993722837045,0.7703672271704366
1589544082.230966,-0.0,0.21628431954741664,0.56,0.5978569109518842,-0.1513453794909888,-0.14771927378259325,0.7731998063362687
1589544082.240966,-0.0,0.21628431954741664,0.56,0.5950075126783588,-0.15157419724673313,-0.1470681126994785,0.7754572399887808
1589544082.250966,-0.0,0.21628431954741664,0.56,0.592380586622159,-0.15173448578200371,-0.14647893827748143,0.7775480586865724
1589544082.260966,-0.0,0.21628431954741664,0.56,0.589127592507611,-0.15187280343391835,-0.14580468470182664,0.7801325774534384
1589544082.270966,-0.0044934891409659445,0.21596068065444,0.5580388805597202,0.5870318106340181,-0.15199855034633392,-0.14530169705216434,0.7817672873148409
1589544082.280966,-0.009041483680002826,0.2156331160667216,0.5560539730134934,0.5830723613047873,-0.1521702696103085,-0.14441727690892822,0.7848556577916409
1589544082.290966,-0.013643983617110651,0.2153016257842614,0.5540452773613194,0.5800996488116765,-0.15228917811003295,-0.14376328016044385,0.7871711419031259
1589544082.300966,-0.01830098895228941,0.2149662098070594,0.5520127936031984,0.5769626286469204,-0.15242453267699638,-0.1430731357241975,0.7895552772283405
1589544082.310966,-0.023012499685539107,0.21462686813511567,0.5499565217391305,0.573855675915801,-0.1526674179605122,-0.1423944140899594,0.7919150819296503
1589544082.320966,-0.02777851581685975,0.21428360076843012,0.5478764617691155,0.5714062523359545,-0.15281738266948236,-0.14189453172672542,0.7937646466736159
1589544082.330966,-0.032599037346251324,0.2139364077070028,0.5457726136931534,0.5689346086675457,-0.15296597426119726,-0.14135457875061005,0.7955972763047662
1589544082.340966,-0.037474064273713845,0.21358528895083373,0.5436449775112444,0.565435115793614,-0.1531245293139086,-0.14057265713287764,0.798172679994105
1589544082.350966,-0.0424035965992473,0.21323024449992287,0.5414935532233883,0.5629763813435927,-0.15327432173604727,-0.1400458806715091,0.8000005504622182
1589544082.360966,-0.047387634322851695,0.2128712743542702,0.5393183408295853,0.5593393673939464,-0.15344543640637046,-0.13927306578088866,0.8026458942200749
1589544082.370966,-0.05242617744452704,0.21250837851387577,0.5371193403298351,0.5570772051533299,-0.15358982974087787,-0.13883988577736636,0.8042342208996567
1589544082.380966,-0.05751922596427331,0.21214155697873957,0.534896551724138,0.5534508923007146,-0.15369834367383114,-0.1380693675302598,0.8068297487812984
1589544082.390966,-0.06266677988209052,0.2117708097488616,0.5326499750124938,0.5509446946139986,-0.15381226175050006,-0.13755306818474966,0.808650604007751
1589544082.400966,-0.06786883919797868,0.21139613682424183,0.5303796101949027,0.5481088389925275,-0.1539414084698243,-0.13685350563579063,0.8106470059536145
1589544082.410966,-0.07312540391193777,0.21101753820488028,0.5280854572713644,0.5455618905611759,-0.1540563877433351,-0.13632331211581922,0.8124228422129678
1589544082.420966,-0.07843647402396779,0.21063501389077696,0.5257675162418791,0.5434350579176475,-0.15410702661580006,-0.1359182011360995,0.8138913695144517
1589544082.430966,-0.08380204953406875,0.21024856388193186,0.5234257871064468,0.5405644130556588,-0.1541768778827888,-0.1353573178049007,0.8159149830618366
1589544082.440966,-0.08922213044224067,0.209858188178345,0.5210602698650675,0.5381051180010715,-0.15423897894288838,-0.1348182892252143,0.8175941698609955
1589544082.450966,-0.09469671674848351,0.20946388678001635,0.5186709645177412,0.5360324972193091,-0.15439442550152058,-0.13440376506886184,0.8189931888886851
1589544082.4609659,-0.1002258084527973,0.2090656596869459,0.5162578710644679,0.5332703838283184,-0.15454523189301397,-0.1338388542748794,0.8208983573957044
1589544082.4709659,-0.10580940555518202,0.20866350689913368,0.5138209895052475,0.5313088154997956,-0.1546961217644388,-0.13343648128441318,0.8222060696147196
1589544082.4809659,-0.11144750805563769,0.20825742841657968,0.51136031984008,0.5290857205431704,-0.15481945974377972,-0.13302813113114598,0.8236404635941216
1589544082.4909658,-0.11714011595416429,0.20784742423928393,0.5088758620689655,0.5261714802260027,-0.1549113175048054,-0.13243197076443108,0.8255516250600675
1589544082.5009658,-0.12288722925076181,0.20743349436724637,0.5063676161919041,0.5247104797169765,-0.1549924841997513,-0.13214788733212043,0.8265662087468914
1589544082.5109658,-0.1286888479454303,0.20701563880046706,0.5038355822088956,0.5220129682086271,-0.15519887048782274,-0.13156684666788937,0.8283264315524743
1589544082.5209658,-0.13454497203816973,0.20659385753894594,0.50127976011994,0.520437884533382,-0.15532694570084063,-0.1312634938855385,0.829308341518945
1589544082.5309658,-0.14045560152898007,0.20616815058268306,0.49870014992503753,0.5180912235086634,-0.15552059628313222,-0.13081164252685817,0.8308346921400577
1589544082.5409658,-0.14642073641786138,0.20573851793167838,0.496096751624188,0.5159083494306155,-0.15569915410022037,-0.130354827347329,0.8322631546767629
1589544082.5509658,-0.1524403767048136,0.20530495958593195,0.4934695652173914,0.5133182286872698,-0.15590528375495238,-0.12985300326969446,0.8339121919146191
1589544082.5609658,-0.1585145223898368,0.20486747554544374,0.49081859070464773,0.511175004215295,-0.1561132733056428,-0.12938173174199116,0.8352392101463569
1589544082.5709658,-0.1646431734729309,0.20442606581021372,0.4881438280859571,0.509005205024616,-0.15629910382022186,-0.12895443483614902,0.8365744711867747
1589544082.5809658,-0.17082632995409597,0.20398073038024195,0.48544527736131937,0.5064087713528579,-0.15653283804636753,-0.12850283615323185,0.838163001461672
1589544082.5909657,-0.17706399183333194,0.2035314692555284,0.48272293853073467,0.5032587646889103,-0.1568894769529571,-0.12797436117211003,0.8400504121085356
1589544082.6009657,-0.18335615911063888,0.20307828243607307,0.4799768115942029,0.5003660638872136,-0.15721964339704958,-0.12745247681472066,0.8418205470003178
1589544082.6109657,-0.18970283178601674,0.20262116992187593,0.4772068965517242,0.49782640421760604,-0.15755706537515252,-0.12705581956232206,0.8433451730944364
1589544082.6209657,-0.19610400985946558,0.20216013171293704,0.47441319340329835,0.49530866093366094,-0.15782714143920198,-0.12668604495386723,0.8448183201845311
1589544082.6309657,-0.2025596933309853,0.20169516780925636,0.4715957021489256,0.49302495449012845,-0.15812250246513201,-0.12629820274572312,0.8461451357707255
1589544082.6409657,-0.209069882200576,0.20122627821083391,0.46875442278860574,0.489853686304408,-0.15852030423322738,-0.1257449342751589,0.8479929260383415
1589544082.6509657,-0.2156345764682376,0.20075346291766968,0.4658893553223389,0.48657656046124387,-0.15893922725982543,-0.1252094826139464,0.8498682371643017
1589544082.6609657,-0.22225377613397018,0.20027672192976367,0.46300049975012497,0.483022421626334,-0.15942513544982212,-0.12466283590020011,0.8519039129054718
1589544082.6709657,-0.2289274811977737,0.19979605524711588,0.46008785607196406,0.47918679758342553,-0.1599197655364468,-0.1240119532578298,0.8540993941327606
1589544082.6809657,-0.23565569165964814,0.1993114628697263,0.4571514242878561,0.4751891007696675,-0.16040399365945088,-0.1233475469881864,0.8563093886437103
1589544082.6909657,-0.2424384075195935,0.198822944797595,0.45419120439780114,0.47073334755079427,-0.16094592921240072,-0.12264501105013238,0.8587279328370698
1589544082.7009656,-0.24927562877760984,0.19833050103072186,0.4512071964017991,0.4652309533914491,-0.1615742851274447,-0.1217913516021073,0.8617519881336229
1589544082.7109656,-0.2561673554336971,0.19783413156910695,0.4481994002998501,0.46129450852053294,-0.16202563551992147,-0.12118505758802137,0.8638695509622811
1589544082.7209656,-0.2631135874878553,0.19733383641275026,0.44516781609195405,0.4565608162715517,-0.16253249595905173,-0.12045906856142241,0.8663876448006466
1589544082.7309656,-0.2701143249400844,0.19682961556165182,0.442112443778111,0.45169261149233764,-0.16305520462585138,-0.11969364323140912,0.8689361697643898
1589544082.7409656,-0.27716956779038454,0.19632146901581157,0.43903328335832087,0.44574910366193726,-0.1636564128718163,-0.11870686829463399,0.8720161952602313
1589544082.7509656,-0.28427931603875556,0.19580939677522954,0.4359303348325837,0.44016374892357557,-0.16418446770241346,-0.11778277234108891,0.8748544899746912
1589544082.7609656,-0.29144356968519747,0.19529339883990576,0.4328035982008996,0.43483316862369015,-0.164676041471744,-0.11692251824476048,0.877550503485217
1589544082.7709656,-0.2986623287297104,0.19477347520984017,0.4296530734632684,0.4302189535965351,-0.1651324015153465,-0.11615709773483918,0.8798612263267325
1589544082.7809656,-0.30593559317229424,0.19424962588503283,0.42647876061969014,0.42361259102574933,-0.16577134268104526,-0.11503795806355839,0.8831101698836759
1589544082.7909656,-0.31326336301294905,0.19372185086548369,0.4232806596701649,0.41792848790413367,-0.16630062575986132,-0.11399298676152737,0.8858153945087356
1589544082.8009655,-0.3206456382516747,0.19319015015119279,0.42005877061469266,0.4136303482660943,-0.1666190648556296,-0.1133222187245437,0.8878571813314602
1589544082.8109655,-0.3280824188884714,0.1926545237421601,0.4168130934532734,0.40788542069447087,-0.16704010135282918,-0.11245300041934167,0.890546272179475
1589544082.8209655,-0.33557370492333893,0.19211497163838562,0.41354362818590706,0.4018885403832459,-0.16749384292878733,-0.11149639735554098,0.8932932815911662
1589544082.8309655,-0.3431194963562775,0.19157149383986938,0.41025037481259374,0.39736760428078693,-0.16783238140824033,-0.11074117700968707,0.8953402157228629
1589544082.8409655,-0.3507197931872869,0.19102409034661136,0.40693333333333337,0.38774851449824826,-0.16859378914917322,-0.10913376066771767,0.8995990174182316
1589544082.8509655,-0.35837459541636735,0.19047276115861156,0.40359250374812594,0.37819475767503624,-0.1693140020763403,-0.10751781676978935,0.9037279711980216
1589544082.8609655,-0.36608390304351873,0.18991750627586995,0.40022788605697157,0.37188022935880455,-0.169878319863735,-0.10631225679430208,0.9063831523148296
1589544082.8709655,-0.373847716068741,0.18935832569838662,0.3968394802598701,0.3647516817614235,-0.17042125109108291,-0.10504289752653237,0.9093128391232889
1589544082.8809655,-0.3816660344920342,0.18879521942616145,0.39342728635682167,0.35724893495605187,-0.17082983242210223,-0.10387528977792625,0.912348944793636
1589544082.8909655,-0.3895388583133983,0.18822818745919456,0.38999130434782614,0.34866044906011534,-0.1712988932390045,-0.10247112627379963,0.915741373759403
1589544082.9009655,-0.3974661875328335,0.18765722979748584,0.38653153423288356,0.34019046802068914,-0.17178474159117385,-0.10103981819522846,0.918984890356967
1589544082.9109654,-0.4054480221503395,0.18708234644103539,0.38304797601199403,0.3308240436522952,-0.17224200260265488,-0.09956604601198374,0.922491684883739
1589544082.9209654,-0.4134843621659165,0.18650353738984313,0.37954062968515745,0.3244895374045022,-0.17264845556476702,-0.09844200911895461,0.9247816156055889
1589544082.9309654,-0.4215752075795644,0.1859208026439091,0.3760094952523738,0.31453423955890064,-0.1732789801223572,-0.09661813775792835,0.928299936484804
1589544082.9409654,-0.42972055839128326,0.18533414220323327,0.3724545727136432,0.30712850866383423,-0.17358634717278523,-0.09535093181474502,0.93081913246426
1589544082.9509654,-0.43792041460107306,0.18474355606781567,0.3688758620689655,0.2991271664587629,-0.17398843639636294,-0.09396440373784316,0.9334940695137457
1589544082.9609654,-0.4461747762089338,0.18414904423765632,0.36527336331834087,0.29105237004946366,-0.1744166452968561,-0.09250823454024339,0.936136471220866
1589544082.9709654,-0.45448364321486556,0.18355060671275514,0.3616470764617691,0.2858194552213605,-0.17461073265427696,-0.09161240594835175,0.9377855224016513
1589544082.9809654,-0.46284701561886815,0.18294824349311223,0.3579970014992504,0.28089755146896433,-0.1747597592309616,-0.09078873305478331,0.9393130448126689
1589544082.9909654,-0.4712648934209417,0.1823419545787275,0.3543231384307846,0.26795010494913596,-0.17526807112672424,-0.08847654564116343,0.9432119403622851
1589544083.0009654,-0.4797372766210861,0.18173173996960104,0.3506254872563718,0.25866230525401285,-0.17555785700726442,-0.08685672257972275,0.9458873950006875
1589544083.0109653,-0.48826416521930155,0.18111759966573276,0.34690404797601204,0.25172462514599847,-0.1757462985125254,-0.08569596617016642,0.9478185956346163
1589544083.0209653,-0.49684555921558793,0.18049953366712274,0.34315882058970515,0.2440727813632526,-0.17602829820943203,-0.0843379864049612,0.9498775492446225
1589544083.0309653,-0.5054814586099453,0.1798775419737709,0.3393898050974513,0.23526974400456185,-0.17633802905312854,-0.08274754791013413,0.9521869494055015
1589544083.0409653,-0.5141718634023735,0.1792516245856773,0.3355970014992504,0.22470070120514984,-0.1765871292153676,-0.08091047919485342,0.954860980271911
1589544083.0509653,-0.5229167735928727,0.17862178150284191,0.3317804097951025,0.21749594656100515,-0.17676785450471755,-0.07964664103183594,0.9566003187131535
1589544083.0609653,-0.5317161891814428,0.17798801272526477,0.32794002998500754,0.20869059671285783,-0.1769755625989723,-0.07808923221515683,0.9586649373196026
1589544083.0709653,-0.5405701101680839,0.17735031825294584,0.32407586206896555,0.19900028751867446,-0.177175622672137,-0.07635537824772942,0.9608196504245823
1589544083.0809653,-0.5494785365527959,0.17670869808588513,0.3201879060469765,0.1893254328518287,-0.17737997125913663,-0.07458435716039927,0.9628866266538663
1589544083.0909653,-0.5584414683355788,0.17606315222408261,0.3162761619190405,0.18034604071530808,-0.17752374784335556,-0.07302313134848329,0.9647025869944779
1589544083.1009653,-0.5674589055164327,0.17541368066753835,0.3123406296851574,0.1725745985476158,-0.1776780339480138,-0.07155199134287592,0.9661865155702861
1589544083.1109653,-0.5765308480953576,0.1747602834162523,0.3083813093453273,0.16514181801463154,-0.17797302038726287,-0.07005624812776806,0.9675271096420103
1589544083.1209652,-0.5856572960723533,0.17410296047022447,0.3043982008995502,0.1569051802252446,-0.17816162109375,-0.06857319406637415,0.9689692212308759
1589544083.1309652,-0.59483824944742,0.17344171182945486,0.30039130434782607,0.1503244297893198,-0.1780055121812803,-0.06761850267257274,0.970104040707403
1589544083.1409652,-0.6040737082205576,0.17277653749394348,0.2963606196901549,0.14590588301115018,-0.1779252150846319,-0.06691689332684046,0.9708561337760276
1589544083.1509652,-0.6133636723917663,0.1721074374636903,0.2923061469265367,0.14487638424269367,-0.177978515625,-0.066650390625,0.9710247231514613
1589544083.1609652,-0.6227081419610457,0.17143441173869536,0.2882278860569715,0.1467508002158508,-0.17783849186546088,-0.06715447615934085,0.9707282532621717
1589544083.1709652,-0.6321071169283962,0.17075746031895864,0.2841258370814593,0.1502876963598371,-0.1776500127902076,-0.06799395749969532,0.9701646786833259
1589544083.1809652,-0.6415605972938175,0.17007658320448016,0.28,0.164147349977423,-0.17732078968356843,-0.07041364080483935,0.9677943670076606
1589544083.1909652,-0.6510685830573099,0.16939178039525987,0.2758503748125937,0.17602192466182634,-0.1770319902421313,-0.07261746517077353,0.9655905426417265
1589544083.2009652,-0.6606310742188732,0.1687030518912978,0.27167696151924037,0.1911924506861467,-0.1766688586593193,-0.07535935941499172,0.9625312458698392
1589544083.2109652,-0.6702480707785073,0.16801039769259396,0.26747976011994007,0.20555751839533004,-0.17628218068406948,-0.07784675224875176,0.9594325357319745
1589544083.2209651,-0.6799195727362126,0.16731381779914833,0.26325877061469266,0.2174429678329311,-0.17598015380139292,-0.07981758183631492,0.9567009520764294
1589544083.2309651,-0.6896455800919887,0.16661331221096096,0.2590139930034982,0.23263025534215584,-0.17548790902200503,-0.08245679117102346,0.9530052029178021
1589544083.2409651,-0.6994260928458357,0.16590888092803177,0.25474542728635685,0.24912287448504977,-0.1747111537189012,-0.08554793373022257,0.9487201063517524
1589544083.250965,-0.7092611109977537,0.16520052395036083,0.2504530734632684,0.2641647044452761,-0.17396310893837325,-0.08824107968957917,0.9445354895677395
1589544083.260965,-0.7191506345477425,0.1644882412779481,0.24613693153423288,0.27963673880059914,-0.17321608133899516,-0.0909485871736844,0.939930689626136
1589544083.270965,-0.7290946634958023,0.1637720329107936,0.24179700149925037,0.2932150241996036,-0.17252221212823715,-0.09337454594121558,0.9356459680819229
1589544083.280965,-0.7390931978419332,0.1630518988488973,0.23743328335832087,0.30861959888581636,-0.17168506848147422,-0.09611486438917947,0.9305657158956105
1589544083.290965,-0.7491462375861349,0.16232783909225923,0.2330457771114443,0.32461792498425557,-0.17086607801026385,-0.09881379051377155,0.9250073542583306
1589544083.300965,-0.7592537827284077,0.16159985364087937,0.22863448275862064,0.33851965715451515,-0.17007160953050812,-0.10122188013604821,0.9198809805536374
1589544083.310965,-0.7694158332687511,0.16086794249475775,0.22419940029985008,0.3517810778869794,-0.16912687788271824,-0.10366433745579617,0.914810013373058
1589544083.320965,-0.7796323892071658,0.16013210565389435,0.21974052973513242,0.3633364393660283,-0.1682835868708995,-0.10574977305712621,0.9101947076883293
1589544083.330965,-0.7899034505436511,0.15939234311828918,0.2152578710644678,0.3755357866623377,-0.1674392082580935,-0.10787873907320494,0.9051369020810562
1589544083.340965,-0.8002290172782076,0.1586486548879422,0.21075142428785604,0.386647849149343,-0.16660587889092837,-0.10985593883681237,0.9003580689266584
1589544083.350965,-0.810609089410835,0.15790104096285346,0.20622118940529738,0.3981174765193067,-0.16569584388506858,-0.11192826364216468,0.8952586865977132
1589544083.360965,-0.8210436669415333,0.15714950134302294,0.2016671664167916,0.4086406983988313,-0.16484868676760298,-0.11379382969442217,0.8904177887836242
1589544083.370965,-0.8315327498703025,0.15639403602845064,0.1970893553223389,0.41657892174730055,-0.1641863541934469,-0.11519144293187784,0.8866763729170614
1589544083.380965,-0.8420763381971428,0.15563464501913657,0.19248775612193902,0.42420269640423447,-0.16354482589834152,-0.11652893516296836,0.8830257106471706
1589544083.390965,-0.8526744319220538,0.15487132831508071,0.18786236881559215,0.43560044891596733,-0.16262821085798418,-0.1184480395158958,0.8773430217829484
1589544083.400965,-0.8633270310450359,0.15410408591628308,0.18321319340329828,0.4432444798947692,-0.16195256369954242,-0.11977249099053662,0.873461848243126
1589544083.410965,-0.8740341355660889,0.15333291782274366,0.17854022988505752,0.45273959176787115,-0.16111335006872715,-0.12142699405742582,0.8684984979203195
1589544083.420965,-0.8847957454852128,0.1525578240344625,0.17384347826086954,0.4593561875897128,-0.16050359022540373,-0.12248021560498448,0.8650055403993245
1589544083.430965,-0.8956118608024076,0.1517788045514395,0.16912293853073462,0.4663232651005255,-0.15984476534318537,-0.12366984431362925,0.8612329229376656
1589544083.440965,-0.9064824815176735,0.15099585937367477,0.16437861069465265,0.4718684701260515,-0.15934499565213575,-0.12456893230304639,0.8581479643679966
1589544083.450965,-0.9174076076310101,0.15020898850116823,0.15961049475262373,0.4766219147919075,-0.15879300638944474,-0.12539691619708287,0.855475863270522
1589544083.460965,-0.9283872391424179,0.14941819193391992,0.1548185907046477,0.4795143004401356,-0.15847121887972615,-0.12592865599054773,0.8538336975659083
1589544083.470965,-0.9394213760518965,0.14862346967192985,0.15000289855072468,0.48113574349183874,-0.15827150979941554,-0.12621335348183446,0.8529236475454138
1589544083.480965,-0.9505100183594462,0.14782482171519798,0.14516341829085455,0.48187395054833904,-0.15808035871020548,-0.12643537013781678,0.8525383665227054
1589544083.490965,-0.9616531660650667,0.14702224806372433,0.14030014992503748,0.48173398128221306,-0.15802001953125,-0.12652587890625,0.8526269688431997
1589544083.5009649,-0.972850819168758,0.14621574871750892,0.1354130934532734,0.48102068382772145,-0.15812252559089598,-0.12632086678695806,0.8530296861476879
1589544083.5109649,-0.9841029776705205,0.1454053236765517,0.13050224887556217,0.4800135349993161,-0.1581756352231817,-0.1261321781919317,0.8536013616968194
1589544083.5209649,-0.9954096415703537,0.1445909729408527,0.12556761619190404,0.4789662120753189,-0.15817190462252662,-0.12605391064433508,0.8541977023120481
1589544083.5309649,-1.006770810868258,0.14377269651041197,0.12060919540229881,0.47801996950645337,-0.15825418658503665,-0.12593048770057,0.8547325350683633
1589544083.5409648,-1.0181864855642333,0.14295049438522944,0.11562698650674658,0.4760572857021072,-0.15846127035670185,-0.12556833736739442,0.8558339169808742
1589544083.5509648,-1.0296566656582793,0.14212436656530514,0.1106209895052474,0.47485734025924836,-0.15852442519192067,-0.12540574687952244,0.8565098101426827
1589544083.5609648,-1.0411813511503965,0.14129431305063903,0.10559120439780101,0.47330439997306994,-0.158709651390385,-0.12514661518798,0.857378430919235
1589544083.5709648,-1.0527605420405843,0.14046033384123116,0.10053763118440778,0.47246111634535565,-0.15875244140625,-0.12504979464207394,0.8578884628933662
1589544083.5809648,-1.0643942383288432,0.13962242893708152,0.0954602698650675,0.47144468215002455,-0.1588017814906209,-0.12488962475937909,0.8584490574827982
1589544083.5909648,-1.0760824400151734,0.13878059833819006,0.09035912043978,0.47061841101292756,-0.15890450323939018,-0.12472691996932944,0.8589135539257313
1589544083.6009648,-1.0878251470995741,0.13793484204455686,0.08523418290854573,0.4698037929389313,-0.158935546875,-0.12457898228769083,0.8593500864742366
1589544083.6109648,-1.0996223595820458,0.1370851600561819,0.08008545727136435,0.4688370280977383,-0.15903287072942351,-0.12443872585918236,0.8598624502610588
1589544083.6209648,-1.1114740774625886,0.1362315523730651,0.07491294352823585,0.4675869600797209,-0.15920480969808087,-0.1242532466870074,0.8605560807625513
1589544083.6309648,-1.1233803007412022,0.13537401899520657,0.06971664167916036,0.46600136696118194,-0.15932595566040908,-0.12403186380695456,0.8614491142395454
1589544083.6409647,-1.135341029417887,0.13451255992260625,0.06449655172413787,0.465087890625,-0.159423828125,-0.1239013671875,0.8619384765625
1589544083.6509647,-1.1473562634926424,0.13364717515526414,0.05925267366316833,0.4630819576868252,-0.1595472701519646,-0.12359276212008849,0.8630185942984403
1589544083.6609647,-1.1594260029654688,0.1327778646931803,0.0539850074962519,0.4600591372165174,-0.1597589517430485,-0.12313937730325249,0.8646509326538906
1589544083.6709647,-1.1715502478363662,0.1319046285363546,0.04869355322338831,0.4581813865990619,-0.15994840614613642,-0.12286417493451696,0.8656723686732389
1589544083.6809647,-1.1837289981053347,0.13102746668478718,0.04337831084457766,0.45641483209023503,-0.16011657571888518,-0.12259522056195923,0.8666320600643926
1589544083.6909647,-1.195962253772374,0.13014637913847796,0.03803928035982007,0.45504196377692835,-0.16017421510549062,-0.12240059322651878,0.8673671510549061
1589544083.7009647,-1.2082500148374842,0.12926136589742698,0.03267646176911543,0.454261889785087,-0.160215271631377,-0.122318480174746,0.86777771631377
1589544083.7109647,-1.220592281300665,0.1283724269616342,0.02728985507246373,0.4530521494958232,-0.16042598622229268,-0.12210575205895731,0.8684141107989635
1589544083.7209647,-1.2329890531619174,0.12747956233109964,0.02187946026986498,0.45264706459010706,-0.16041073646510706,-0.1220703125,0.8686166532518215
1589544083.7309647,-1.2454403304212405,0.1265827720058233,0.016445277361319288,0.45267698804990036,-0.16033935546875,-0.12209563861403759,0.8686016915219248
1589544083.7409647,-1.2579461130786345,0.12568205598580517,0.010987306346826542,0.4531249394612614,-0.16027833242024772,-0.12219237070475228,0.8683777158162443
1589544083.7509646,-1.2705064011340994,0.12477741427104531,0.005505547226386742,0.45382766745997827,-0.16013778682050434,-0.12235941574974421,0.8680131020942616
1589544083.7609646,-1.283121194587635,0.12386884686154365,0.0,0.4548791539484714,-0.15995797242700407,-0.12259916827441121,0.8674573897844317
1589544083.7709646,-1.283121194587635,0.12386884686154365,0.0,0.45620524782127414,-0.15980827374356302,-0.12280589993153046,0.8667658263611911
1589544083.7809646,-1.283121194587635,0.12386884686154365,0.0,0.4577416676898876,-0.15977723946468664,-0.1228283335706267,0.8659536811883378
1589544083.7909646,-1.283121194587635,0.12386884686154365,0.0,0.45904541015625,-0.159912109375,-0.12255859375,0.865234375
1589544083.8009646,-1.283121194587635,0.12386884686154365,0.0,0.45897331486564996,-0.16207496809300118,-0.12090040206619909,0.8651142161823333
1589544083.8109646,-1.283121194587635,0.12386884686154365,0.0,0.45848893170461374,-0.16380196592275323,-0.1193355082175665,0.8653025722016362
1589544083.8209646,-1.283121194587635,0.12386884686154365,0.0,0.4580257441413973,-0.16064145012902414,-0.1203968213514894,0.8660070042970295
1589544083.8309646,-1.283121194587635,0.12386884686154365,0.0,0.4589388920304719,-0.15973552619954134,-0.11776641368668082,0.866032513729153
1589544083.8409646,-1.283121194587635,0.12386884686154365,0.0,0.4601918140979998,-0.16062980710875033,-0.11733733232174925,0.8652674219880001
1589544083.8509645,-1.283121194587635,0.12386884686154365,0.0,0.4610309554488486,-0.15964380838276315,-0.11963462922273027,0.8646596297501974
1589544083.8609645,-1.283121194587635,0.12386884686154365,0.0,0.4617573978059193,-0.15976502340721677,-0.1194399425785617,0.864277682512288
1589544083.8709645,-1.283121194587635,0.12386884686154365,0.0,0.4625550071473429,-0.16009345078309706,-0.11883000602335546,0.8639023369398534
1589544083.8809645,-1.283121194587635,0.12386884686154365,0.0,0.46361900983711396,-0.15979861498558823,-0.11941553412678307,0.8632767111147978
1589544083.8909645,-1.283121194587635,0.12386884686154365,0.0,0.46405029296875,-0.15960693359375,-0.1197509765625,0.863037109375
1589544083.9009645,-1.283121194587635,0.12386884686154365,0.0,0.46448427212257404,-0.15965515349973045,-0.11950987703259777,0.8628442297510782
1589544083.9109645,-1.283121194587635,0.12386884686154365,0.0,0.4649391945436437,-0.1597164809169491,-0.11944580078125,0.8625989200822036
1589544083.9209645,-1.283121194587635,0.12386884686154365,0.0,0.46543396537653764,-0.15966796875,-0.11981712409003595,0.8622842380148562
1589544083.9309645,-1.283121194587635,0.12386884686154365,0.0,0.465809414164188,-0.15966796875,-0.11986405518849225,0.862096513621031
1589544083.9409645,-1.283121194587635,0.12386884686154365,0.0,0.46825357841788556,-0.15922653370143722,-0.1204833984375,0.860746988030892
1589544083.9509645,-1.283121194587635,0.12386884686154365,0.0,0.4701439486684802,-0.1588872364769715,-0.1204833984375,0.8597775673895615
1589544083.9609644,-1.283121194587635,0.12386884686154365,0.0,0.4717814367042228,-0.15911865234375,-0.12053088618823188,0.8588392309992682
1589544083.9709644,-1.283121194587635,0.12386884686154365,0.0,0.4721985300850165,-0.15910337167624175,-0.12083441622127478,0.8585509816337334
1589544083.9809644,-1.283121194587635,0.12386884686154365,0.0,0.47232108707055126,-0.15902656917944877,-0.1209716796875,0.8584517106542372
1589544083.9909644,-1.283121194587635,0.12386884686154365,0.0,0.4725341796875,-0.1588134765625,-0.12096411375792623,0.8583984375
1589544084.0009644,-1.283121194587635,0.12386884686154365,0.0,0.4725341796875,-0.15883703711285457,-0.120849609375,0.8583984375
1589544084.0109644,-1.283121194587635,0.12386884686154365,0.0,0.4725341796875,-0.15887451171875,-0.120849609375,0.8583984375
1589544084.0209644,-1.283121194587635,0.12386884686154365,0.0,0.4725341796875,-0.15887451171875,-0.120849609375,0.8583984375
1589544084.0309644,-1.283121194587635,0.12386884686154365,0.0,0.4725341796875,-0.15887451171875,-0.120849609375,0.8583984375
1589544084.0409644,-1.283121194587635,0.12386884686154365,0.0,0.4725341796875,-0.15887451171875,-0.12083552132843701,0.8583984375
1589544084.0509644,-1.283121194587635,0.12386884686154365,0.0,0.4725341796875,-0.15887451171875,-0.1207886211826325,0.8583984375
1589544084.0609643,-1.283121194587635,0.12386884686154365,0.0,0.4725341796875,-0.1589978137695064,-0.12078980595700638,0.8583984375
1589544084.0709643,-1.283121194587635,0.12386884686154365,0.0,0.47252174188477186,-0.15914352794920628,-0.12092308233397814,0.8583859996972719
1589544084.0809643,-1.283121194587635,0.12386884686154365,0.0,0.4724736342898045,-0.15923974313914102,-0.12097118992894551,0.8583378921023045
1589544084.0909643,-1.283121194587635,0.12386884686154365,0.0,0.47247314453125,-0.1593730982274397,-0.12103271484375,0.85833740234375
1589544084.1009643,-1.283121194587635,0.12386884686154365,0.0,0.47247314453125,-0.1594167625839628,-0.12103271484375,0.85833740234375
1589544084.1109643,-1.283121194587635,0.12386884686154365,0.0,0.472412109375,-0.1595562248655184,-0.12109375,0.8582763671875
1589544084.1209643,-1.283121194587635,0.12386884686154365,0.0,0.472412109375,-0.1596287966009397,-0.12110468150359485,0.8582763671875
1589544084.1309643,-1.283121194587635,0.12386884686154365,0.0,0.472412109375,-0.15972219648997593,-0.12115138144811297,0.8582763671875
1589544084.1409643,-1.283121194587635,0.12386884686154365,0.0,0.472412109375,-0.1598260402971874,-0.12115478515625,0.8582763671875
1589544084.1509643,-1.283121194587635,0.12386884686154365,0.0,0.47235107421875,-0.15992471502047098,-0.12122212313523549,0.8582700643647645
1589544084.1609643,-1.283121194587635,0.12386884686154365,0.0,0.47235107421875,-0.16004255737619452,-0.12127685546875,0.85821533203125
1589544084.1709642,-1.283121194587635,0.12386884686154365,0.0,0.47235107421875,-0.16010877380213512,-0.12128363494794256,0.85821533203125
1589544084.1809642,-1.283121194587635,0.12386884686154365,0.0,0.47235107421875,-0.1602066910527459,-0.12133259357324795,0.85821533203125
1589544084.1909642,-1.283121194587635,0.12386884686154365,0.0,0.4722900390625,-0.16029567398937555,-0.12134656746343778,0.8582066551928123
1589544084.2009642,-1.283121194587635,0.12386884686154365,0.0,0.4722900390625,-0.16039915213398614,-0.12139830653574307,0.858154916120507
1589544084.2109642,-1.283121194587635,0.12386884686154365,0.0,0.4722900390625,-0.16045808451679436,-0.12139892578125,0.858154296875
1589544084.2209642,-1.283121194587635,0.12386884686154365,0.0,0.4722900390625,-0.16053555037712988,-0.1214599609375,0.858154296875
1589544084.2309642,-1.283121194587635,0.12386884686154365,0.0,0.4722900390625,-0.160631682467201,-0.1214599609375,0.858154296875
1589544084.2409642,-1.283121194587635,0.12386884686154365,0.0,0.47222900390625,-0.16071056702006467,-0.12152099609375,0.8581492962611853
1589544084.2509642,-1.283121194587635,0.12386884686154365,0.0,0.47222900390625,-0.16074950885913422,-0.12152099609375,0.8581103544221158
1589544084.2609642,-1.283121194587635,0.12386884686154365,0.0,0.47222900390625,-0.16087282011173507,-0.12157410536836753,0.85809326171875
1589544084.2709641,-1.283121194587635,0.12386884686154365,0.0,0.47222900390625,-0.16094713170178307,-0.12158203125,0.85809326171875
1589544084.2809641,-1.283121194587635,0.12386884686154365,0.0,0.47222900390625,-0.16100126240341558,-0.12163358662216558,0.85809326171875
1589544084.2909641,-1.283121194587635,0.12386884686154365,0.0,0.4721817225344808,-0.16105802355926918,-0.12164306640625,0.85809326171875
1589544084.300964,-1.283121194587635,0.12386884686154365,0.0,0.47216796875,-0.1611454001027244,-0.1217041015625,0.8580322265625
1589544084.310964,-1.283121194587635,0.12386884686154365,0.0,0.47216796875,-0.16124184910182374,-0.1217041015625,0.8580322265625
1589544084.320964,-1.283121194587635,0.12386884686154365,0.0,0.47216796875,-0.16131898571814957,-0.12176513671875,0.8580322265625
1589544084.330964,-1.283121194587635,0.12386884686154365,0.0,0.47216796875,-0.16136922805046747,-0.12176513671875,0.8580322265625
1589544084.340964,-1.283121194587635,0.12386884686154365,0.0,0.47216411289116694,-0.16144569999891617,-0.12176899257758309,0.8580283707036669
1589544084.350964,-1.283121194587635,0.12386884686154365,0.0,0.47210693359375,-0.16156696281218058,-0.121826171875,0.85797119140625
1589544084.360964,-1.283121194587635,0.12386884686154365,0.0,0.47210693359375,-0.16161982583401951,-0.121826171875,0.85797119140625
1589544084.370964,-1.283121194587635,0.12386884686154365,0.0,0.47210693359375,-0.16168585841461033,-0.12188720703125,0.85797119140625
1589544084.380964,-1.283121194587635,0.12386884686154365,0.0,0.47210693359375,-0.16172433032045316,-0.12188720703125,0.85797119140625
1589544084.390964,-1.283121194587635,0.12386884686154365,0.0,0.47210693359375,-0.16179420150568516,-0.12193824447443515,0.85797119140625
1589544084.400964,-1.283121194587635,0.12386884686154365,0.0,0.47206677015001536,-0.16184436266248464,-0.1219482421875,0.85797119140625
1589544084.410964,-1.283121194587635,0.12386884686154365,0.0,0.4720458984375,-0.16192090130985998,-0.1219482421875,0.85791552447139
1589544084.420964,-1.283121194587635,0.12386884686154365,0.0,0.4720458984375,-0.16198872774236525,-0.12200927734375,0.85791015625
1589544084.430964,-1.283121194587635,0.12386884686154365,0.0,0.4720458984375,-0.1620369014229244,-0.12200927734375,0.85791015625
1589544084.440964,-1.283121194587635,0.12386884686154365,0.0,0.4720458984375,-0.1620917112820415,-0.12200927734375,0.85791015625
1589544084.450964,-1.283121194587635,0.12386884686154365,0.0,0.4720442929666695,-0.1621720156270805,-0.1220703125,0.85791015625
1589544084.460964,-1.283121194587635,0.12386884686154365,0.0,0.4720003097772221,-0.16221599881652785,-0.1220703125,0.85791015625
1589544084.470964,-1.283121194587635,0.12386884686154365,0.0,0.47198486328125,-0.1623568113658449,-0.12213134765625,0.85784912109375
1589544084.480964,-1.283121194587635,0.12386884686154365,0.0,0.47198486328125,-0.1624047092377291,-0.12213134765625,0.85784912109375
1589544084.490964,-1.283121194587635,0.12386884686154365,0.0,0.47198486328125,-0.16241455078125,-0.12213134765625,0.85784912109375
1589544084.500964,-1.283121194587635,0.12386884686154365,0.0,0.47198486328125,-0.16247700808950705,-0.12213276980825703,0.85784912109375
1589544084.510964,-1.283121194587635,0.12386884686154365,0.0,0.47198486328125,-0.16252883200056809,-0.12218459371931809,0.85784912109375
1589544084.520964,-1.283121194587635,0.12386884686154365,0.0,0.47192788722347867,-0.16259359715152133,-0.1221923828125,0.85784912109375
1589544084.530964,-1.283121194587635,0.12386884686154365,0.0,0.471923828125,-0.1626379401483095,-0.12223266671080953,0.85784912109375
1589544084.540964,-1.283121194587635,0.12386884686154365,0.0,0.471923828125,-0.1627096167765773,-0.12225341796875,0.85784912109375
1589544084.5509639,-1.283121194587635,0.12386884686154365,0.0,0.471923828125,-0.1627775179931745,-0.12225341796875,0.8577913296630755
1589544084.5609639,-1.283121194587635,0.12386884686154365,0.0,0.471923828125,-0.16282930368623144,-0.12230195993623143,0.8577880859375
1589544084.5709639,-1.283121194587635,0.12386884686154365,0.0,0.471923828125,-0.16289713923514748,-0.122314453125,0.8577880859375
1589544084.5809639,-1.283121194587635,0.12386884686154365,0.0,0.471923828125,-0.16295043905930215,-0.122314453125,0.8577880859375
1589544084.5909638,-1.283121194587635,0.12386884686154365,0.0,0.471923828125,-0.16300474346013358,-0.12235532939763359,0.8577880859375
1589544084.6009638,-1.283121194587635,0.12386884686154365,0.0,0.47186476191628335,-0.16302490234375,-0.12237548828125,0.8577880859375
1589544084.6109638,-1.283121194587635,0.12386884686154365,0.0,0.47186279296875,-0.16306616567537915,-0.12237548828125,0.8577880859375
1589544084.6209638,-1.283121194587635,0.12386884686154365,0.0,0.47186279296875,-0.16313774259793984,-0.12242729337918985,0.8577362808395601
1589544084.6309638,-1.283121194587635,0.12386884686154365,0.0,0.47186279296875,-0.16319316901801018,-0.1224365234375,0.85772705078125
1589544084.6409638,-1.283121194587635,0.12386884686154365,0.0,0.47186279296875,-0.1632080078125,-0.1224365234375,0.85772705078125
1589544084.6509638,-1.283121194587635,0.12386884686154365,0.0,0.47186279296875,-0.16325405602755208,-0.1224365234375,0.85772705078125
1589544084.6609638,-1.283121194587635,0.12386884686154365,0.0,0.47186279296875,-0.1633267390947592,-0.12249421956350919,0.85772705078125
1589544084.6709638,-1.283121194587635,0.12386884686154365,0.0,0.47186279296875,-0.16338226937199743,-0.12249755859375,0.85772705078125
1589544084.6809638,-1.283121194587635,0.12386884686154365,0.0,0.4718191861403024,-0.16343472010969765,-0.12249755859375,0.85772705078125
1589544084.6909637,-1.283121194587635,0.12386884686154365,0.0,0.4718017578125,-0.1634521484375,-0.12253294759679313,0.85772705078125
1589544084.7009637,-1.283121194587635,0.12386884686154365,0.0,0.4718017578125,-0.1635054826784412,-0.12255859375,0.8576737165403088
1589544084.7109637,-1.283121194587635,0.12386884686154365,0.0,0.4718017578125,-0.16355906785226096,-0.12255859375,0.857666015625
1589544084.7209637,-1.283121194587635,0.12386884686154365,0.0,0.4718017578125,-0.16362828599041013,-0.12261266099041013,0.857666015625
1589544084.7309637,-1.283121194587635,0.12386884686154365,0.0,0.4718017578125,-0.16368001895996778,-0.12261962890625,0.857666015625
1589544084.7409637,-1.283121194587635,0.12386884686154365,0.0,0.4718017578125,-0.1636962890625,-0.12261962890625,0.857666015625
1589544084.7509637,-1.283121194587635,0.12386884686154365,0.0,0.4718017578125,-0.1637469471952723,-0.12261962890625,0.857666015625
1589544084.7609637,-1.283121194587635,0.12386884686154365,0.0,0.4717667082491747,-0.16379237378207528,-0.1226546784695753,0.857666015625
1589544084.7709637,-1.283121194587635,0.12386884686154365,0.0,0.47174072265625,-0.163818359375,-0.1226806640625,0.857666015625
1589544084.7809637,-1.283121194587635,0.12386884686154365,0.0,0.47174072265625,-0.16385282289350495,-0.1226806640625,0.857631552106495
1589544084.7909636,-1.283121194587635,0.12386884686154365,0.0,0.47174072265625,-0.16391482303681978,-0.1226806640625,0.85760498046875
1589544084.8009636,-1.283121194587635,0.12386884686154365,0.0,0.47174072265625,-0.1639404296875,-0.12272539123822605,0.85760498046875
1589544084.8109636,-1.283121194587635,0.12386884686154365,0.0,0.47174072265625,-0.16398944162076506,-0.12274169921875,0.85760498046875
1589544084.8209636,-1.283121194587635,0.12386884686154365,0.0,0.47174072265625,-0.16404949183926598,-0.12274169921875,0.85760498046875
1589544084.8309636,-1.283121194587635,0.12386884686154365,0.0,0.47174072265625,-0.164100865994827,-0.12274169921875,0.85760498046875
1589544084.8409636,-1.283121194587635,0.12386884686154365,0.0,0.47174072265625,-0.16412353515625,-0.12278338855012527,0.85760498046875
1589544084.8509636,-1.283121194587635,0.12386884686154365,0.0,0.47169364018972637,-0.1641706176227736,-0.122802734375,0.85760498046875
1589544084.8609636,-1.283121194587635,0.12386884686154365,0.0,0.4716796875,-0.16422441806669547,-0.122802734375,0.85760498046875
1589544084.8709636,-1.283121194587635,0.12386884686154365,0.0,0.4716796875,-0.16424560546875,-0.122802734375,0.85760498046875
1589544084.8809636,-1.283121194587635,0.12386884686154365,0.0,0.4716796875,-0.164284228141113,-0.12284135704736297,0.857566357796387
1589544084.8909636,-1.283121194587635,0.12386884686154365,0.0,0.4716796875,-0.164306640625,-0.12286376953125,0.8575439453125
1589544084.9009635,-1.283121194587635,0.12386884686154365,0.0,0.4716796875,-0.16435248396854021,-0.12286376953125,0.8575439453125
1589544084.9109635,-1.283121194587635,0.12386884686154365,0.0,0.4716796875,-0.16439960070077805,-0.12286376953125,0.8575439453125
1589544084.9209635,-1.283121194587635,0.12386884686154365,0.0,0.4716796875,-0.1644287109375,-0.12286376953125,0.8575439453125
1589544084.9309635,-1.283121194587635,0.12386884686154365,0.0,0.4716796875,-0.16445573817304382,-0.1228907967667938,0.8575439453125
1589544084.9409635,-1.283121194587635,0.12386884686154365,0.0,0.4716796875,-0.16448974609375,-0.1229248046875,0.8575439453125
1589544084.9509635,-1.283121194587635,0.12386884686154365,0.0,0.4716796875,-0.16452039435694749,-0.1229248046875,0.8575439453125
1589544084.9609635,-1.283121194587635,0.12386884686154365,0.0,0.4716368209270669,-0.16455078125,-0.1229248046875,0.8575439453125
1589544084.9709635,-1.283121194587635,0.12386884686154365,0.0,0.47161865234375,-0.16459673422432405,-0.1229248046875,0.8575439453125
1589544084.9809635,-1.283121194587635,0.12386884686154365,0.0,0.47161865234375,-0.16464968133275487,-0.12296266961400486,0.8575439453125
1589544084.9909635,-1.283121194587635,0.12386884686154365,0.0,0.47161865234375,-0.1646728515625,-0.12298583984375,0.857512342631503
1589544085.0009634,-1.283121194587635,0.12386884686154365,0.0,0.47161865234375,-0.1647132514941248,-0.12298583984375,0.85748291015625
1589544085.0109634,-1.283121194587635,0.12386884686154365,0.0,0.47161865234375,-0.16473388671875,-0.12298583984375,0.85748291015625
1589544085.0209634,-1.283121194587635,0.12386884686154365,0.0,0.47161865234375,-0.1647762146884093,-0.12298583984375,0.85748291015625
1589544085.0309634,-1.283121194587635,0.12386884686154365,0.0,0.47161865234375,-0.164794921875,-0.12302074595101489,0.85748291015625
1589544085.0409634,-1.283121194587635,0.12386884686154365,0.0,0.47161865234375,-0.16483125704515733,-0.123046875,0.85748291015625
1589544085.0509634,-1.283121194587635,0.12386884686154365,0.0,0.47161865234375,-0.16485595703125,-0.123046875,0.85748291015625
1589544085.0609634,-1.283121194587635,0.12386884686154365,0.0,0.47161865234375,-0.16489710317056822,-0.123046875,0.85748291015625
1589544085.0709634,-1.283121194587635,0.12386884686154365,0.0,0.4715846806202711,-0.1649169921875,-0.123046875,0.85748291015625
