time,acc_x,acc_y,acc_z,mag_x,mag_y,mag_z,gyr_x,gyr_y,gyr_z,ori_z,ori_y,ori_x,q,p1,p2,p3,A0,A1,A2
1589551925.9876544,0.03,-4.16,9.03,0.45666666666666667,0.4033333333333333,-0.6288888888888889,0.08726646259971647,-0.044724062082354694,-0.07853981633974483,4.702571503342221,0.011999138607461015,0.41887902047863906,0.68829345703125,-0.1419677734375,-0.15252685546875,0.69482421875,0.3696522432444459,0.3187595953260988,0.13075576177870196
1589551925.9968865,0.03,-4.15,8.93,0.45666666666666667,0.4033333333333333,-0.6288888888888889,-0.074176493209759,0.11453723216212788,-0.056723200689815706,4.703662334124718,0.01090830782496456,0.4199698512611355,0.68853759765625,-0.14263916015625,-0.1524658203125,0.69451904296875,0.3593288242735007,0.3187595953260988,0.11283535227748562
1589551926.0067658,0.02,-4.16,8.95,0.45666666666666667,0.4033333333333333,-0.6288888888888889,-0.03490658503988659,-0.031634092692397225,0.07635815477475191,4.702571503342221,0.01090830782496456,0.4199698512611355,0.688232421875,-0.14276123046875,-0.15264892578125,0.69476318359375,0.3593288242735007,0.316711414149526,0.12959707262420406
1589551926.018783,0.01,-4.13,8.91,0.45666666666666667,0.4033333333333333,-0.6288888888888889,0.06544984694978735,0.020725784867432664,-0.08290313946973066,4.703662334124718,0.01090830782496456,0.4199698512611355,0.68853759765625,-0.142578125,-0.15240478515625,0.69451904296875,0.36192406818273803,0.3642899190747107,0.12849511873515432
1589551926.0263634,0.02,-4.11,8.91,0.45666666666666667,0.4177777777777778,-0.6433333333333333,-0.002181661564992912,-0.062177354602297986,0.017453292519943295,4.702571503342221,0.011999138607461015,0.4199698512611355,0.68841552734375,-0.1424560546875,-0.15264892578125,0.694580078125,0.36192406818273803,0.3642899190747107,0.12849511873515432
1589551926.0369625,0.01,-4.13,8.9,0.45666666666666667,0.4177777777777778,-0.6433333333333333,0.03490658503988659,0.15271630954950383,-0.028361600344907853,4.703662334124718,0.01090830782496456,0.4199698512611355,0.68865966796875,-0.142822265625,-0.15203857421875,0.69439697265625,0.33337121366189926,0.4778809308314024,0.12849511873515432
1589551926.0469925,-0.01,-4.13,8.83,0.45666666666666667,0.4177777777777778,-0.6433333333333333,-0.06326818538479445,-0.13526301702956053,0.0545415391248228,4.702571503342221,0.01090830782496456,0.4199698512611355,0.68829345703125,-0.1427001953125,-0.15264892578125,0.69464111328125,0.33337121366189926,0.4778809308314024,0.12811918701524114
1589551926.0570865,0.0,-4.11,8.89,0.45666666666666667,0.4177777777777778,-0.6433333333333333,-0.08508480103472357,-0.1265363707695889,0.18435040224190105,4.700389841777229,0.011999138607461015,0.421060682043632,0.68756103515625,-0.14276123046875,-0.15325927734375,0.6953125,0.33562603819066317,0.42056425696985505,0.12811918701524114
1589551926.0708976,0.01,-4.09,8.91,0.45666666666666667,0.4177777777777778,-0.6433333333333333,-0.039269908169872414,-0.00545415391248228,0.039269908169872414,4.700389841777229,0.011999138607461015,0.42215151282612845,0.6873779296875,-0.1429443359375,-0.15338134765625,0.69537353515625,0.33337121366189926,0.42056425696985505,0.1208422397568251
1589551926.0776875,0.03,-4.12,8.89,0.44222222222222224,0.3977777777777778,-0.6355555555555555,0.008726646259971648,-0.04036073895236887,-0.019634954084936207,4.700389841777229,0.011999138607461015,0.42215151282612845,0.6873779296875,-0.142822265625,-0.15350341796875,0.69537353515625,0.33337121366189926,0.42056425696985505,0.1208422397568251
1589551926.086993,0.02,-4.1,8.95,0.44222222222222224,0.3977777777777778,-0.6355555555555555,0.028361600344907853,-0.14180800172453928,-0.0545415391248228,4.700389841777229,0.01308996938995747,0.421060682043632,0.6875,-0.14227294921875,-0.1539306640625,0.6953125,0.33337121366189926,0.42056425696985505,0.1211791944850637
1589551926.0984561,0.02,-4.08,8.86,0.44222222222222224,0.3977777777777778,-0.6355555555555555,0.008726646259971648,0.062177354602297986,-0.02181661564992912,4.700389841777229,0.01308996938995747,0.42215151282612845,0.6876220703125,-0.14251708984375,-0.15374755859375,0.6951904296875,0.3269896237620402,0.4240506381044018,0.1318943772415091
1589551926.1123204,0.0,-4.09,8.91,0.44222222222222224,0.3977777777777778,-0.6355555555555555,-0.06544984694978735,-0.09272061651219875,0.04581489286485115,4.700389841777229,0.01308996938995747,0.42215151282612845,0.68731689453125,-0.1424560546875,-0.15423583984375,0.69537353515625,0.26455725445898803,0.42056425696985505,0.1318943772415091
1589551926.1191645,0.0,-4.18,8.95,0.44222222222222224,0.3977777777777778,-0.6355555555555555,-0.061086523819801536,-0.09053895494720585,0.04145156973486533,4.699299010994732,0.014180800172453926,0.4232423436086249,0.68707275390625,-0.1424560546875,-0.15472412109375,0.69549560546875,0.26455725445898803,0.42056425696985505,0.1318943772415091
1589551926.1310694,0.01,-4.21,8.93,0.45666666666666667,0.3977777777777778,-0.6288888888888889,0.05235987755982988,0.03599741582238304,0.008726646259971648,4.699299010994732,0.01308996938995747,0.42215151282612845,0.68707275390625,-0.1424560546875,-0.1544189453125,0.69549560546875,0.33337121366189926,0.45722582472554457,0.13075576177870196
1589551926.1372838,0.04,-4.23,8.94,0.45666666666666667,0.3977777777777778,-0.6288888888888889,0.039269908169872414,-0.05126904677733343,-0.04363323129985824,4.700389841777229,0.014180800172453926,0.42215151282612845,0.68719482421875,-0.1422119140625,-0.15447998046875,0.6954345703125,0.33337121366189926,0.45722582472554457,0.13075576177870196
1589551926.148449,0.08,-4.28,8.84,0.45666666666666667,0.3977777777777778,-0.6288888888888889,0.04581489286485115,0.01854412330243975,0.10035643198967394,4.699299010994732,0.01308996938995747,0.42215151282612845,0.6868896484375,-0.14227294921875,-0.15423583984375,0.69580078125,0.27496052092173096,0.45722582472554457,0.13075576177870196
1589551926.157291,0.11,-4.23,8.92,0.45666666666666667,0.3977777777777778,-0.6288888888888889,-0.09817477042468103,-0.10144726277217041,0.11344640137963141,4.6982081802122355,0.014180800172453926,0.4232423436086249,0.68634033203125,-0.14239501953125,-0.15484619140625,0.6961669921875,0.27496052092173096,0.45722582472554457,0.13075576177870196
1589551926.1698482,0.08,-4.21,8.86,0.45666666666666667,0.3977777777777778,-0.6288888888888889,0.05017821599483697,0.03381575425739013,-0.039269908169872414,4.6982081802122355,0.01308996938995747,0.4232423436086249,0.6865234375,-0.14239501953125,-0.1546630859375,0.696044921875,0.33337121366189926,0.46924345517404525,0.13075576177870196
1589551926.1769586,0.04,-4.17,8.86,0.45666666666666667,0.4033333333333333,-0.6288888888888889,0.002181661564992912,-0.011999138607461015,0.02617993877991494,4.6982081802122355,0.01308996938995747,0.4232423436086249,0.68646240234375,-0.14239501953125,-0.1546630859375,0.69610595703125,0.33337121366189926,0.46924345517404525,0.13075576177870196
1589551926.1872494,0.03,-4.17,8.9,0.45666666666666667,0.4033333333333333,-0.6288888888888889,-0.08508480103472357,0.03381575425739013,0.07635815477475191,4.697117349429739,0.01308996938995747,0.42433317439112134,0.6861572265625,-0.1429443359375,-0.15484619140625,0.6962890625,0.2876789338815911,0.4650333589250033,0.13075576177870196
1589551926.1982484,0.04,-4.19,8.84,0.45666666666666667,0.4033333333333333,-0.6288888888888889,-0.04363323129985824,-0.044724062082354694,0.039269908169872414,4.697117349429739,0.01308996938995747,0.42433317439112134,0.6859130859375,-0.14300537109375,-0.1551513671875,0.6964111328125,0.2876789338815911,0.4650333589250033,0.13075576177870196
1589551926.2084167,-0.14,-3.74,8.74,0.45666666666666667,0.4033333333333333,-0.6288888888888889,0.10253809355466686,-0.009817477042468103,-0.11562806294462433,4.6982081802122355,0.01308996938995747,0.4232423436086249,0.6864013671875,-0.142578125,-0.15484619140625,0.69610595703125,0.33337121366189926,0.4956071854791829,0.13075576177870196
1589551926.222124,0.01,-4.3,9.36,0.45666666666666667,0.4033333333333333,-0.6288888888888889,0.01308996938995747,-0.022907446432425576,0.015271630954950384,4.697117349429739,0.01308996938995747,0.4232423436086249,0.68634033203125,-0.14251708984375,-0.15484619140625,0.6961669921875,0.2926919490491569,0.4956071854791829,0.13075576177870196
1589551926.2299962,-0.03,-4.16,8.93,0.4688888888888889,0.41,-0.6288888888888889,0.030543261909900768,-0.09053895494720585,0.08944812416470939,4.696026518647243,0.014180800172453926,0.4232423436086249,0.68597412109375,-0.1422119140625,-0.15496826171875,0.69659423828125,0.2926919490491569,0.46924345517404525,0.13075576177870196
1589551926.2419946,0.12,-4.19,9.2,0.4688888888888889,0.41,-0.6288888888888889,-0.07635815477475191,0.01854412330243975,0.15817046346198613,4.694935687864747,0.01308996938995747,0.42433317439112134,0.68536376953125,-0.1427001953125,-0.155029296875,0.697021484375,0.3015432709413334,0.5046951100158126,0.13075576177870196
1589551926.2485044,0.07,-4.17,8.73,0.4688888888888889,0.41,-0.6288888888888889,0.028361600344907853,0.03381575425739013,0.02617993877991494,4.694935687864747,0.01308996938995747,0.4232423436086249,0.685302734375,-0.14276123046875,-0.15478515625,0.6971435546875,0.3015432709413334,0.5046951100158126,0.13075576177870196
1589551926.2637575,0.07,-4.15,8.86,0.4688888888888889,0.41,-0.6288888888888889,-0.028361600344907853,0.009817477042468103,0.002181661564992912,4.694935687864747,0.01308996938995747,0.42433317439112134,0.685302734375,-0.14288330078125,-0.1549072265625,0.69708251953125,0.3379095440748334,0.4823119900107394,0.13036738675694923
1589551926.2699955,0.03,-4.15,8.88,0.4688888888888889,0.41,-0.6288888888888889,0.056723200689815706,-0.01854412330243975,0.019634954084936207,4.694935687864747,0.01308996938995747,0.4232423436086249,0.68524169921875,-0.1427001953125,-0.15478515625,0.69720458984375,0.3379095440748334,0.4823119900107394,0.13036738675694923
1589551926.279925,0.0,-4.19,8.91,0.4622222222222222,0.4177777777777778,-0.6355555555555555,0.05235987755982988,0.022907446432425576,-0.08290313946973066,4.694935687864747,0.01308996938995747,0.4232423436086249,0.685546875,-0.142578125,-0.15460205078125,0.69696044921875,0.25231358798780756,0.4823119900107394,0.13036738675694923
1589551926.2879274,0.02,-4.22,8.89,0.4622222222222222,0.4177777777777778,-0.6355555555555555,0.07853981633974483,0.05999569303730508,-0.07199483164476608,4.696026518647243,0.011999138607461015,0.42215151282612845,0.6859130859375,-0.142578125,-0.1541748046875,0.69671630859375,0.25231358798780756,0.4457710691193347,0.13075576177870196
1589551926.3024642,0.04,-4.14,8.84,0.4622222222222222,0.4177777777777778,-0.6355555555555555,-0.06326818538479445,-0.01854412330243975,0.08072147790473774,4.694935687864747,0.011999138607461015,0.4232423436086249,0.685546875,-0.142822265625,-0.1544189453125,0.69696044921875,0.34022226900883096,0.39510843012815433,0.13036738675694923
1589551926.3081965,0.04,-4.15,8.92,0.4622222222222222,0.4177777777777778,-0.6355555555555555,-0.02617993877991494,0.04036073895236887,0.008726646259971648,4.694935687864747,0.011999138607461015,0.4232423436086249,0.685546875,-0.14306640625,-0.1544189453125,0.6968994140625,0.34022226900883096,0.39510843012815433,0.13036738675694923
1589551926.3233235,0.05,-4.14,8.95,0.4622222222222222,0.4177777777777778,-0.6355555555555555,0.06981317007977318,-0.09708393964218458,0.06763150851478027,4.694935687864747,0.011999138607461015,0.4232423436086249,0.685302734375,-0.142578125,-0.1544189453125,0.697265625,0.2811853495413832,0.42056425696985505,0.13075576177870196
1589551926.3294554,0.05,-4.08,9.0,0.4688888888888889,0.3977777777777778,-0.6222222222222222,0.017453292519943295,0.044724062082354694,-0.074176493209759,4.694935687864747,0.011999138607461015,0.4232423436086249,0.68560791015625,-0.14263916015625,-0.154296875,0.697021484375,0.2811853495413832,0.42056425696985505,0.13075576177870196
1589551926.3395238,0.0,-4.12,8.92,0.4688888888888889,0.3977777777777778,-0.6222222222222222,0.017453292519943295,0.05126904677733343,-0.09599310885968812,4.696026518647243,0.011999138607461015,0.42215151282612845,0.68597412109375,-0.14276123046875,-0.15411376953125,0.6966552734375,0.3696522432444459,0.26883851941761866,0.13075576177870196
1589551926.349257,0.01,-4.13,8.87,0.4688888888888889,0.3977777777777778,-0.6222222222222222,0.10035643198967394,0.06872233929727672,-0.16689710972195776,4.6982081802122355,0.011999138607461015,0.42215151282612845,0.6866455078125,-0.142578125,-0.1536865234375,0.69610595703125,0.3696522432444459,0.26883851941761866,0.1292532014968994
1589551926.3588185,0.02,-4.16,8.86,0.4688888888888889,0.3977777777777778,-0.6222222222222222,0.04363323129985824,-0.10362892433716332,-0.09817477042468103,4.699299010994732,0.01308996938995747,0.421060682043632,0.6868896484375,-0.14202880859375,-0.1539306640625,0.6959228515625,0.33337121366189926,0.4275914443905159,0.1292532014968994
1589551926.3733456,0.04,-4.15,8.9,0.4688888888888889,0.3977777777777778,-0.6222222222222222,-0.07199483164476608,0.053450708342326333,0.08290313946973066,4.6982081802122355,0.011999138607461015,0.42215151282612845,0.68658447265625,-0.142578125,-0.15399169921875,0.69610595703125,0.34469892955945086,0.4275914443905159,0.1311463055065792
1589551926.3802097,0.03,-4.11,8.93,0.47555555555555556,0.4033333333333333,-0.6355555555555555,0.04145156973486533,0.001090830782496456,-0.15598880189699318,4.699299010994732,0.01308996938995747,0.42215151282612845,0.6871337890625,-0.142333984375,-0.1539306640625,0.69561767578125,0.34469892955945086,0.3805443575158459,0.1311463055065792
1589551926.3881507,0.03,-4.07,8.92,0.47555555555555556,0.4033333333333333,-0.6355555555555555,0.061086523819801536,-0.08835729338221293,-0.14944381720201447,4.700389841777229,0.014180800172453926,0.421060682043632,0.6876220703125,-0.14178466796875,-0.15411376953125,0.6951904296875,0.34469892955945086,0.3805443575158459,0.11921617398410705
1589551926.3996935,0.03,-4.05,8.79,0.47555555555555556,0.4033333333333333,-0.6355555555555555,-0.15598880189699318,-0.01854412330243975,-0.074176493209759,4.7014806725597245,0.014180800172453926,0.4232423436086249,0.687744140625,-0.1422119140625,-0.15478515625,0.69488525390625,0.33337121366189926,0.4823119900107394,0.1311463055065792
1589551926.4097102,0.0,-4.0,8.93,0.47555555555555556,0.4033333333333333,-0.6355555555555555,-0.0916297857297023,-0.07308566242726255,0.11344640137963141,4.700389841777229,0.015271630954950384,0.4232423436086249,0.687255859375,-0.14239501953125,-0.15521240234375,0.69525146484375,0.33337121366189926,0.4823119900107394,0.1311463055065792
1589551926.4210188,0.04,-3.97,8.96,0.47555555555555556,0.4033333333333333,-0.6355555555555555,-0.05235987755982988,0.07308566242726255,-0.032724923474893676,4.700389841777229,0.014180800172453926,0.42433317439112134,0.6873779296875,-0.142822265625,-0.1551513671875,0.69500732421875,0.34469892955945086,0.3863657601866544,0.12151791005063022
1589551926.4307134,0.04,-3.95,8.97,0.4488888888888889,0.3977777777777778,-0.6077777777777778,0.11780972450961724,-0.020725784867432664,-0.2748893571891069,4.703662334124718,0.015271630954950384,0.4232423436086249,0.6883544921875,-0.14215087890625,-0.155029296875,0.6942138671875,0.3379095440748334,0.3863657601866544,0.12151791005063022
1589551926.4377134,0.02,-3.9,9.0,0.4488888888888889,0.3977777777777778,-0.6077777777777778,0.017453292519943295,0.05126904677733343,-0.07199483164476608,4.703662334124718,0.015271630954950384,0.4232423436086249,0.68865966796875,-0.1422119140625,-0.15478515625,0.6939697265625,0.3379095440748334,0.45321431320689676,0.13075576177870196
1589551926.4522734,-0.11,-3.25,8.76,0.4488888888888889,0.3977777777777778,-0.6077777777777778,0.04363323129985824,-0.02945243112740431,-0.21925698728178766,4.705843995689711,0.016362461737446838,0.42215151282612845,0.68939208984375,-0.14178466796875,-0.1549072265625,0.69329833984375,0.34469892955945086,0.4074650127970809,0.11430162854196725
1589551926.4582515,-0.14,-3.17,9.17,0.4488888888888889,0.3977777777777778,-0.6077777777777778,-0.15598880189699318,-0.007635815477475192,-0.3403392041388943,4.709116488037201,0.017453292519943295,0.4232423436086249,0.6904296875,-0.14202880859375,-0.1556396484375,0.6920166015625,0.34469892955945086,0.4074650127970809,0.11430162854196725
1589551926.4747071,-0.16,-3.48,8.87,0.4488888888888889,0.3977777777777778,-0.6077777777777778,-0.032724923474893676,0.06654067773228381,-0.43524148221608594,4.713479811167186,0.01854412330243975,0.42433317439112134,0.69189453125,-0.14208984375,-0.15582275390625,0.69049072265625,0.33562603819066317,0.4275914443905159,0.1311463055065792
1589551926.481085,-0.16,-3.22,9.16,0.44222222222222224,0.3977777777777778,-0.65,-0.08290313946973066,0.02945243112740431,-0.3741549583962844,4.717843134297172,0.019634954084936207,0.42433317439112134,0.693115234375,-0.14215087890625,-0.15625,0.68914794921875,0.33562603819066317,0.4275914443905159,0.1311463055065792
1589551926.49255,-0.17,-3.25,9.06,0.44222222222222224,0.3977777777777778,-0.65,-0.02181661564992912,0.044724062082354694,-0.18653206380689397,4.720024795862165,0.020725784867432664,0.42433317439112134,0.69378662109375,-0.1422119140625,-0.15631103515625,0.6884765625,0.33337121366189926,0.3920522731410346,0.1277826025509433
1589551926.4988613,-0.68,-2.83,8.97,0.44222222222222224,0.3977777777777778,-0.65,0.08944812416470939,0.04036073895236887,0.1538071403320003,4.717843134297172,0.019634954084936207,0.42433317439112134,0.693359375,-0.1422119140625,-0.15576171875,0.68902587890625,0.33337121366189926,0.3920522731410346,0.1277826025509433
1589551926.5098214,-0.6,-2.56,8.76,0.44222222222222224,0.3977777777777778,-0.65,0.030543261909900768,-0.03381575425739013,0.7723081940074907,4.7102073188196965,0.016362461737446838,0.42433317439112134,0.6907958984375,-0.142578125,-0.1552734375,0.691650390625,0.3291641949951565,0.4650333589250033,0.1277826025509433
1589551926.5203528,-0.21,-2.76,9.08,0.44222222222222224,0.3977777777777778,-0.65,0.07635815477475191,-0.00545415391248228,0.8530296719122284,4.702571503342221,0.01308996938995747,0.4232423436086249,0.68798828125,-0.1429443359375,-0.1544189453125,0.694580078125,0.3291641949951565,0.4650333589250033,0.12959707262420406
1589551926.52906,-0.14,-2.81,8.8,0.43666666666666665,0.41,-0.6355555555555555,-0.04799655442984406,-0.06872233929727672,0.9370236421644557,4.692754026299753,0.009817477042468103,0.42433317439112134,0.6846923828125,-0.1435546875,-0.1541748046875,0.69769287109375,0.33337121366189926,0.4650333589250033,0.12959707262420406
1589551926.538825,-0.04,-2.85,8.96,0.43666666666666665,0.41,-0.6355555555555555,-0.04363323129985824,-0.07744898555724837,1.1639164449237185,4.681845718474789,0.006544984694978735,0.42433317439112134,0.6806640625,-0.144287109375,-0.15374755859375,0.70159912109375,0.33337121366189926,0.5511870271508157,0.12351788546133634
1589551926.5517533,0.0,-2.93,8.84,0.43666666666666665,0.41,-0.6355555555555555,-0.1090830782496456,-0.08617563181722002,1.0035643198967394,4.67202824143232,0.0032724923474893677,0.4254240051736178,0.6771240234375,-0.1451416015625,-0.1536865234375,0.704833984375,0.33136596019053416,0.461304233506186,0.12849511873515432
1589551926.5594814,0.01,-2.99,8.87,0.43666666666666665,0.41,-0.6355555555555555,0.11562806294462433,0.016362461737446838,1.2282754610910094,4.66002910282486,-0.001090830782496456,0.42433317439112134,0.67303466796875,-0.14569091796875,-0.15240478515625,0.70892333984375,0.33136596019053416,0.461304233506186,0.12849511873515432
1589551926.5707505,0.05,-3.0,8.9,0.43666666666666665,0.41,-0.6355555555555555,-0.061086523819801536,-0.05126904677733343,1.1137382289288815,4.649120794999895,-0.00545415391248228,0.42433317439112134,0.66912841796875,-0.14654541015625,-0.1519775390625,0.7125244140625,0.3227201175914994,0.5569797040159007,0.11734358255378813
1589551926.5781484,0.1,-3.04,9.03,0.4688888888888889,0.4033333333333333,-0.6222222222222222,-0.06326818538479445,-0.09053895494720585,1.2435470920459597,4.637121656392434,-0.008726646259971648,0.4254240051736178,0.6646728515625,-0.1473388671875,-0.151611328125,0.716552734375,0.3227201175914994,0.5569797040159007,0.11734358255378813
1589551926.5889854,0.1,-3.04,9.03,0.4688888888888889,0.4033333333333333,-0.6222222222222222,-0.06326818538479445,-0.09053895494720585,1.2435470920459597,4.637121656392434,-0.008726646259971648,0.4254240051736178,0.6646728515625,-0.1473388671875,-0.151611328125,0.716552734375,0.3227201175914994,0.4863660959204594,0.12959707262420406
1589551926.6051161,0.08,-3.17,8.89,0.4688888888888889,0.4033333333333333,-0.6222222222222222,-0.019634954084936207,-0.15271630954950383,1.0951941056264418,4.614214209960009,-0.015271630954950384,0.42215151282612845,0.65692138671875,-0.14727783203125,-0.14990234375,0.72412109375,0.3248417572103921,0.46924345517404525,0.11763054206942451
1589551926.611257,0.09,-3.15,8.93,0.4688888888888889,0.4033333333333333,-0.6222222222222222,-0.056723200689815706,0.07744898555724837,1.016654289286697,4.605487563700037,-0.019634954084936207,0.421060682043632,0.65350341796875,-0.147705078125,-0.14874267578125,0.72735595703125,0.3248417572103921,0.46924345517404525,0.11763054206942451
1589551926.6259954,0.0,-3.1,8.96,0.4688888888888889,0.4033333333333333,-0.6222222222222222,-0.06763150851478027,-0.20725784867432664,1.1355548445788106,4.593488425092576,-0.02181661564992912,0.4199698512611355,0.6494140625,-0.1473388671875,-0.1484375,0.7310791015625,0.316711414149526,0.4650333589250033,0.11763054206942451
1589551926.6317122,0.0,-3.11,8.98,0.4688888888888889,0.3977777777777778,-0.65,0.04145156973486533,0.05781403147231216,0.9817477042468103,4.584761778832605,-0.02617993877991494,0.4177881896961426,0.64617919921875,-0.14739990234375,-0.14697265625,0.7342529296875,0.316711414149526,0.4650333589250033,0.13075576177870196
1589551926.6408985,-0.08,-3.16,8.97,0.4688888888888889,0.3977777777777778,-0.65,-0.0370882466048795,-0.01854412330243975,0.8028514559173915,4.577125963355129,-0.028361600344907853,0.4166973589136462,0.6434326171875,-0.14727783203125,-0.14617919921875,0.73687744140625,0.31090853643828664,0.4650333589250033,0.13075576177870196
1589551926.6499805,-0.1,-3.19,8.86,0.4688888888888889,0.3977777777777778,-0.65,-0.061086523819801536,-0.062177354602297986,0.9108437033845408,4.567308486312661,-0.030543261909900768,0.41560652813114973,0.64019775390625,-0.14727783203125,-0.14556884765625,0.73980712890625,0.31090853643828664,0.4778809308314024,0.11827294996026913
1589551926.663806,-0.18,-3.28,8.96,0.4688888888888889,0.3977777777777778,-0.65,-0.056723200689815706,-0.09053895494720585,0.7548549014875475,4.560763501617682,-0.032724923474893676,0.4145156973486533,0.63751220703125,-0.1470947265625,-0.14520263671875,0.7421875,0.31090853643828664,0.45722582472554457,0.1322913115063521
1589551926.67217,-0.19,-3.29,8.93,0.4688888888888889,0.3977777777777778,-0.65,0.07199483164476608,-0.07526732399225547,0.8333947178272924,4.552036855357711,-0.03490658503988659,0.41233403578366035,0.63458251953125,-0.14678955078125,-0.144287109375,0.74493408203125,0.31090853643828664,0.45722582472554457,0.1322913115063521
1589551926.6837313,-0.23,-3.27,8.97,0.48333333333333334,0.3711111111111111,-0.6144444444444445,-0.10253809355466686,-0.06654067773228381,0.8224864100023278,4.544401039880236,-0.0370882466048795,0.41233403578366035,0.63153076171875,-0.14703369140625,-0.14398193359375,0.74749755859375,0.34232915890069343,0.316711414149526,0.12182427074236077
1589551926.689628,-0.25,-3.24,8.99,0.48333333333333334,0.3711111111111111,-0.6144444444444445,0.05890486225480862,-0.009817477042468103,0.6926775468852495,4.537856055185257,-0.039269908169872414,0.41015237421866746,0.629150390625,-0.14691162109375,-0.14300537109375,0.749755859375,0.34232915890069343,0.316711414149526,0.12182427074236077
1589551926.7002654,-0.25,-3.34,8.88,0.48333333333333334,0.3711111111111111,-0.6144444444444445,0.032724923474893676,-0.15926129424448257,0.5628686837681712,4.531311070490278,-0.04036073895236887,0.409061543436171,0.62713623046875,-0.146240234375,-0.1427001953125,0.75164794921875,0.3379095440748334,0.3015432709413334,0.12182427074236077
1589551926.7104034,-0.29,-3.4,8.92,0.48333333333333334,0.3711111111111111,-0.6144444444444445,0.08072147790473774,0.062177354602297986,0.6555893002803701,4.525856916577796,-0.04363323129985824,0.40797071265367457,0.6248779296875,-0.1463623046875,-0.1416015625,0.75372314453125,0.3379095440748334,0.3015432709413334,0.13345515007183678
1589551926.7222915,-0.32,-3.4,8.96,0.48333333333333334,0.3711111111111111,-0.6144444444444445,0.01090830782496456,0.001090830782496456,0.5410520681182421,4.520402762665314,-0.044724062082354694,0.40687988187117813,0.62298583984375,-0.14642333984375,-0.1409912109375,0.75537109375,0.3723890828255631,0.41713108403018173,0.1211791944850637
1589551926.72988,-0.37,-3.43,8.97,0.5022222222222222,0.35,-0.6644444444444444,-0.015271630954950384,-0.0839939702522271,0.5257804371632917,4.514948608752831,-0.04581489286485115,0.40578905108868163,0.62103271484375,-0.1463623046875,-0.14080810546875,0.75701904296875,0.3723890828255631,0.41713108403018173,0.1211791944850637
1589551926.740431,-0.38,-3.49,8.95,0.5022222222222222,0.35,-0.6644444444444444,0.10471975511965977,0.10799224746714915,0.38288160465625604,4.511676116405342,-0.04799655442984406,0.40469822030618513,0.61981201171875,-0.146484375,-0.13970947265625,0.75823974609375,0.36695276956707285,0.461304233506186,0.1211791944850637
1589551926.753513,-0.35,-3.46,8.9,0.5022222222222222,0.35,-0.6644444444444444,0.16253378659197193,-0.001090830782496456,0.5955936072430649,4.50622196249286,-0.05017821599483697,0.4025165587411922,0.61773681640625,-0.146240234375,-0.13861083984375,0.7601318359375,0.33562603819066317,0.461304233506186,0.12489762636131138
1589551926.7605882,-0.39,-3.49,8.9,0.5022222222222222,0.35,-0.6644444444444444,0.05017821599483697,-0.0272707695624114,0.6904958853202566,4.499676977797881,-0.05235987755982988,0.40142572795869574,0.615234375,-0.14630126953125,-0.137939453125,0.76226806640625,0.33562603819066317,0.3723890828255631,0.12634297862979976
1589551926.7781904,-0.46,-3.51,8.97,0.5022222222222222,0.35,-0.6644444444444444,-0.05235987755982988,-0.016362461737446838,0.5061454830783556,4.494222823885399,-0.0545415391248228,0.40142572795869574,0.61334228515625,-0.14666748046875,-0.13775634765625,0.76373291015625,0.3227201175914994,0.461304233506186,0.11460525354398816
1589551926.7839086,-0.44,-3.53,8.98,0.5277777777777778,0.35,-0.6577777777777778,0.0916297857297023,-0.031634092692397225,0.4886921905584123,4.489859500755413,-0.05563236990731925,0.39924406639370286,0.611572265625,-0.146484375,-0.13714599609375,0.76531982421875,0.3227201175914994,0.461304233506186,0.11460525354398816
1589551926.795455,-0.49,-3.5,8.98,0.5277777777777778,0.35,-0.6577777777777778,0.02399827721492203,-0.01854412330243975,0.4025165587411922,4.485496177625427,-0.056723200689815706,0.39924406639370286,0.610107421875,-0.146484375,-0.13671875,0.76654052734375,0.3593288242735007,0.3723890828255631,0.11460525354398816
1589551926.80171,-0.49,-3.54,8.86,0.5277777777777778,0.35,-0.6577777777777778,-0.01308996938995747,0.05999569303730508,0.2574360646691636,4.4833145160604335,-0.05890486225480862,0.39924406639370286,0.60919189453125,-0.1468505859375,-0.13641357421875,0.76727294921875,0.3593288242735007,0.3723890828255631,0.1409499162072325
1589551926.8151832,-0.54,-3.49,8.98,0.5277777777777778,0.35,-0.6577777777777778,-0.15162547876700738,-0.07744898555724837,0.296705972839036,4.480042023712945,-0.05890486225480862,0.4003348971761993,0.60797119140625,-0.14715576171875,-0.13690185546875,0.76812744140625,0.3269896237620402,0.4650333589250033,0.1205070324868252
1589551926.8231769,-0.57,-3.56,9.16,0.5277777777777778,0.35,-0.6577777777777778,0.004363323129985824,-0.06872233929727672,0.19307704850187268,4.477860362147952,-0.05890486225480862,0.39924406639370286,0.607177734375,-0.14691162109375,-0.13690185546875,0.76873779296875,0.3269896237620402,0.4650333589250033,0.1205070324868252
1589551926.8347216,-0.55,-3.49,8.76,0.49333333333333335,0.3322222222222222,-0.6933333333333334,-0.015271630954950384,0.05999569303730508,0.28361600344907856,4.475678700582959,-0.061086523819801536,0.39924406639370286,0.606201171875,-0.1473388671875,-0.13653564453125,0.76953125,0.3642899190747107,0.4457710691193347,0.12020682907049335
1589551926.8425455,-0.55,-3.48,8.93,0.49333333333333335,0.3322222222222222,-0.6933333333333334,-0.08944812416470939,0.009817477042468103,0.3272492347489368,4.472406208235469,-0.062177354602297986,0.4003348971761993,0.60491943359375,-0.14776611328125,-0.1365966796875,0.77044677734375,0.3642899190747107,0.4457710691193347,0.12020682907049335
1589551926.8522527,-0.51,-3.41,8.94,0.49333333333333335,0.3322222222222222,-0.6933333333333334,-0.008726646259971648,-0.03599741582238304,0.11999138607461016,4.471315377452973,-0.062177354602297986,0.39924406639370286,0.60443115234375,-0.1475830078125,-0.13653564453125,0.7708740234375,0.2718673071164087,0.45722582472554457,0.12020682907049335
1589551926.8618946,-0.52,-3.43,8.65,0.49333333333333335,0.3322222222222222,-0.6933333333333334,0.030543261909900768,-0.07090400086226964,0.1908953869368798,4.46913371588798,-0.062177354602297986,0.39924406639370286,0.603759765625,-0.14727783203125,-0.13641357421875,0.771484375,0.2718673071164087,0.45722582472554457,0.17403966483628833
1589551926.873185,-0.54,-3.47,8.92,0.49333333333333335,0.3322222222222222,-0.6933333333333334,-0.08072147790473774,-0.01854412330243975,0.18435040224190105,4.466952054322987,-0.062177354602297986,0.39924406639370286,0.60296630859375,-0.14752197265625,-0.1365966796875,0.77203369140625,0.30702113579835705,0.39510843012815433,0.17403966483628833
1589551926.8804462,-0.5,-3.23,8.98,0.5011111111111111,0.3244444444444444,-0.6933333333333334,0.06981317007977318,0.04036073895236887,0.23671027980173093,4.464770392757994,-0.06326818538479445,0.3981532356112064,0.6021728515625,-0.1474609375,-0.13592529296875,0.77276611328125,0.30702113579835705,0.39510843012815433,0.17403966483628833
1589551926.8916194,-0.52,-3.34,8.89,0.5011111111111111,0.3244444444444444,-0.6933333333333334,0.17344209441693648,0.06654067773228381,0.14726215563702155,4.463679561975498,-0.0643590161672909,0.39597157404621347,0.60186767578125,-0.14715576171875,-0.13482666015625,0.77325439453125,0.27496052092173096,0.4074650127970809,0.17403966483628833
1589551926.9047985,-0.65,-3.58,8.87,0.5011111111111111,0.3244444444444444,-0.6933333333333334,0.09599310885968812,0.0272707695624114,0.20616701789183017,4.461497900410505,-0.06544984694978735,0.394880743263717,0.6011962890625,-0.14703369140625,-0.13421630859375,0.77392578125,0.2926919490491569,0.4074650127970809,0.27496052092173096
1589551926.9113088,-0.62,-3.49,8.85,0.5011111111111111,0.3244444444444444,-0.6933333333333334,-0.05017821599483697,-0.0272707695624114,0.25089107997418486,4.4593162388455125,-0.06654067773228381,0.394880743263717,0.60015869140625,-0.14715576171875,-0.13427734375,0.774658203125,0.2926919490491569,0.3920522731410346,0.27496052092173096
1589551926.926385,-0.61,-3.49,8.84,0.5011111111111111,0.3244444444444444,-0.6933333333333334,-0.019634954084936207,-0.0643590161672909,0.22362031041177347,4.457134577280518,-0.06654067773228381,0.394880743263717,0.59930419921875,-0.1470947265625,-0.13433837890625,0.77532958984375,0.27496052092173096,0.3920522731410346,0.2618207959448959
1589551926.932574,-0.6,-3.42,9.27,0.5133333333333333,0.3377777777777778,-0.6977777777777778,-0.07635815477475191,0.05781403147231216,0.21707532571679475,4.454952915715526,-0.06763150851478027,0.39597157404621347,0.59844970703125,-0.1475830078125,-0.13421630859375,0.77593994140625,0.27496052092173096,0.4074650127970809,0.2618207959448959
1589551926.9414592,-0.58,-3.45,8.92,0.5133333333333333,0.3377777777777778,-0.6977777777777778,0.07853981633974483,-0.031634092692397225,0.10253809355466686,4.4538620849330295,-0.06763150851478027,0.394880743263717,0.59814453125,-0.147216796875,-0.13385009765625,0.77630615234375,0.27496052092173096,0.4074650127970809,0.2795642795680213
1589551926.9538586,-0.62,-3.53,9.04,0.5133333333333333,0.3377777777777778,-0.6977777777777778,0.02617993877991494,0.053450708342326333,0.14726215563702155,4.452771254150533,-0.06872233929727672,0.3937899124812206,0.59765625,-0.14739990234375,-0.13348388671875,0.7767333984375,0.27496052092173096,0.41408574428279465,0.2779605947898692
1589551926.9664204,-0.55,-3.45,8.84,0.5133333333333333,0.3377777777777778,-0.6977777777777778,-0.006544984694978735,-0.04036073895236887,0.015271630954950384,4.452771254150533,-0.06872233929727672,0.3937899124812206,0.59759521484375,-0.14715576171875,-0.133544921875,0.77679443359375,0.2876789338815911,0.41408574428279465,0.3051113371361419
1589551926.9733586,-0.63,-3.51,8.93,0.5133333333333333,0.3377777777777778,-0.6977777777777778,-0.01090830782496456,0.007635815477475192,0.1538071403320003,4.4505895925855405,-0.06872233929727672,0.3937899124812206,0.59698486328125,-0.147216796875,-0.1334228515625,0.7772216796875,0.2876789338815911,0.41408574428279465,0.3051113371361419
1589551926.9859395,-0.57,-3.33,9.06,0.5133333333333333,0.31555555555555553,-0.7066666666666667,0.0,-0.007635815477475192,0.032724923474893676,4.4505895925855405,-0.06872233929727672,0.3937899124812206,0.59686279296875,-0.14715576171875,-0.13330078125,0.77734375,0.23759126105169737,0.4381793078164114,0.3051113371361419
1589551926.991607,-0.66,-3.55,9.03,0.5133333333333333,0.31555555555555553,-0.7066666666666667,0.04799655442984406,0.05563236990731925,0.18653206380689397,4.449498761803044,-0.06981317007977318,0.39269908169872414,0.59625244140625,-0.14727783203125,-0.1328125,0.77789306640625,0.23759126105169737,0.4381793078164114,0.3051113371361419
1589551927.006246,-0.69,-3.6,8.77,0.5133333333333333,0.31555555555555553,-0.7066666666666667,0.08508480103472357,-0.0032724923474893677,0.05017821599483697,4.448407931020547,-0.07090400086226964,0.3916082509162277,0.59613037109375,-0.14703369140625,-0.13238525390625,0.77813720703125,0.26311038413585025,0.4275914443905159,0.3187595953260988
1589551927.0126302,-0.69,-3.58,8.86,0.5133333333333333,0.31555555555555553,-0.7066666666666667,0.06763150851478027,0.031634092692397225,0.02617993877991494,4.448407931020547,-0.07090400086226964,0.3916082509162277,0.59613037109375,-0.14697265625,-0.13201904296875,0.7781982421875,0.26311038413585025,0.4275914443905159,0.3187595953260988
1589551927.0253756,-0.71,-3.61,8.81,0.5133333333333333,0.31555555555555553,-0.7066666666666667,-0.07635815477475191,-0.05781403147231216,0.13635384781205698,4.447317100238051,-0.07090400086226964,0.3916082509162277,0.59552001953125,-0.1470947265625,-0.13238525390625,0.77862548828125,0.34953162930465587,0.27496052092173096,0.3187595953260988
1589551927.0307686,-0.72,-3.71,9.05,0.5077777777777778,0.3233333333333333,-0.72,-0.039269908169872414,0.02945243112740431,0.11344640137963141,4.446226269455555,-0.07199483164476608,0.3916082509162277,0.5950927734375,-0.1473388671875,-0.13238525390625,0.77886962890625,0.34953162930465587,0.27496052092173096,0.3187595953260988
1589551927.0423527,-0.7,-3.66,9.1,0.5077777777777778,0.3233333333333333,-0.72,0.019634954084936207,0.04690572364734761,0.02181661564992912,4.446226269455555,-0.07199483164476608,0.3916082509162277,0.59503173828125,-0.14752197265625,-0.13214111328125,0.7789306640625,0.30702113579835705,0.27496052092173096,0.3187595953260988
1589551927.051812,-0.68,-3.67,8.85,0.5077777777777778,0.3233333333333333,-0.72,-0.017453292519943295,0.07744898555724837,-0.07199483164476608,4.446226269455555,-0.07199483164476608,0.3916082509162277,0.5953369140625,-0.14776611328125,-0.13201904296875,0.77862548828125,0.30702113579835705,0.27496052092173096,0.34953162930465587
1589551927.062111,-0.68,-3.7,8.96,0.5077777777777778,0.3233333333333333,-0.72,0.015271630954950384,-0.04690572364734761,-0.12544553998709243,4.447317100238051,-0.07199483164476608,0.3916082509162277,0.59576416015625,-0.1474609375,-0.1322021484375,0.7783203125,0.33136596019053416,0.44194471376482086,0.34953162930465587
1589551927.079385,-0.66,-3.65,8.97,0.5077777777777778,0.3233333333333333,-0.72,-0.12544553998709243,0.06654067773228381,0.006544984694978735,4.447317100238051,-0.07199483164476608,0.39269908169872414,0.59576416015625,-0.1480712890625,-0.1324462890625,0.7781982421875,0.3696522432444459,0.46924345517404525,0.23759126105169737
1589551927.0853074,-0.64,-3.67,8.98,0.5133333333333333,0.3233333333333333,-0.7411111111111112,0.030543261909900768,-0.07744898555724837,-0.18435040224190105,4.449498761803044,-0.07090400086226964,0.39269908169872414,0.596435546875,-0.1475830078125,-0.1326904296875,0.77777099609375,0.3696522432444459,0.46924345517404525,0.23759126105169737
1589551927.0923517,-0.7,-3.73,9.01,0.5133333333333333,0.3233333333333333,-0.7411111111111112,0.030543261909900768,-0.09926560120717749,0.0,4.449498761803044,-0.06981317007977318,0.39269908169872414,0.59637451171875,-0.1470947265625,-0.13287353515625,0.77783203125,0.3696522432444459,0.46924345517404525,0.23759126105169737
1589551927.1054628,-0.66,-3.67,8.84,0.5133333333333333,0.3233333333333333,-0.7411111111111112,0.01308996938995747,0.04690572364734761,-0.06326818538479445,4.449498761803044,-0.06981317007977318,0.39269908169872414,0.5966796875,-0.147216796875,-0.13275146484375,0.77764892578125,0.3379095440748334,0.49094599362502317,0.282659406116019
1589551927.114395,-0.62,-3.56,8.92,0.5133333333333333,0.3233333333333333,-0.7411111111111112,0.02399827721492203,0.001090830782496456,-0.18216874067690814,4.451680423368036,-0.06981317007977318,0.39269908169872414,0.59735107421875,-0.14703369140625,-0.13275146484375,0.777099609375,0.33337121366189926,0.49094599362502317,0.282659406116019
1589551927.125225,-0.56,-3.45,8.89,0.5133333333333333,0.3233333333333333,-0.7411111111111112,-0.0370882466048795,-0.04908738521234052,-0.06326818538479445,4.452771254150533,-0.06872233929727672,0.39269908169872414,0.5975341796875,-0.14691162109375,-0.133056640625,0.7769775390625,0.33337121366189926,0.4956071854791829,0.20695259594052973
1589551927.1374528,-0.61,-3.52,8.95,0.49333333333333335,0.3422222222222222,-0.7855555555555556,0.08072147790473774,-0.05126904677733343,-0.22798363354175932,4.454952915715526,-0.06763150851478027,0.3916082509162277,0.59844970703125,-0.14630126953125,-0.133056640625,0.7763671875,0.33136596019053416,0.500351803226227,0.2811853495413832
1589551927.1434624,-0.64,-3.6,9.02,0.49333333333333335,0.3422222222222222,-0.7855555555555556,-0.02181661564992912,0.09490227807719166,0.061086523819801536,4.4538620849330295,-0.06872233929727672,0.39269908169872414,0.5982666015625,-0.146728515625,-0.1328125,0.7764892578125,0.33136596019053416,0.500351803226227,0.2811853495413832
1589551927.1554847,-0.65,-3.58,8.82,0.49333333333333335,0.3422222222222222,-0.7855555555555556,0.056723200689815706,-0.01854412330243975,-0.24652775684419903,4.456043746498022,-0.06763150851478027,0.3916082509162277,0.59918212890625,-0.14630126953125,-0.1328125,0.77581787109375,0.33337121366189926,0.5046951100158126,0.2811853495413832
1589551927.1634884,-0.7,-3.68,9.1,0.49333333333333335,0.3422222222222222,-0.7855555555555556,-0.1341721862470641,-0.0839939702522271,-0.21489366415180183,4.458225408063015,-0.06544984694978735,0.39269908169872414,0.599853515625,-0.146240234375,-0.13372802734375,0.775146484375,0.33337121366189926,0.5046951100158126,0.21724129330266592
1589551927.1767302,-0.68,-3.61,8.87,0.49333333333333335,0.3422222222222222,-0.7855555555555556,0.17998707911191522,0.016362461737446838,-0.18653206380689397,4.460407069628008,-0.06544984694978735,0.3916082509162277,0.6007080078125,-0.1456298828125,-0.13311767578125,0.77471923828125,0.33136596019053416,0.529633782919232,0.3227201175914994
1589551927.1821768,-0.64,-3.6,9.01,0.49333333333333335,0.31555555555555553,-0.7977777777777778,-0.006544984694978735,0.03599741582238304,-0.2617993877991494,4.4625887311930015,-0.0643590161672909,0.3916082509162277,0.6016845703125,-0.1456298828125,-0.1331787109375,0.77392578125,0.33136596019053416,0.529633782919232,0.3227201175914994
1589551927.1930602,-0.61,-3.6,9.06,0.49333333333333335,0.31555555555555553,-0.7977777777777778,-0.10471975511965977,-0.02945243112740431,-0.22143864884678055,4.464770392757994,-0.06326818538479445,0.39269908169872414,0.60247802734375,-0.1456298828125,-0.1337890625,0.77325439453125,0.33337121366189926,0.529633782919232,0.3227201175914994
1589551927.2033072,-0.62,-3.57,8.84,0.49333333333333335,0.31555555555555553,-0.7977777777777778,-0.019634954084936207,0.038179077387375956,-0.34470252726888007,4.468042885105484,-0.062177354602297986,0.39269908169872414,0.603759765625,-0.1456298828125,-0.13397216796875,0.772216796875,0.33337121366189926,0.5569797040159007,0.2398715985685605
1589551927.2163393,-0.63,-3.66,8.84,0.49333333333333335,0.31555555555555553,-0.7977777777777778,0.006544984694978735,0.01854412330243975,-0.14944381720201447,4.470224546670476,-0.062177354602297986,0.39269908169872414,0.60430908203125,-0.14556884765625,-0.134033203125,0.77178955078125,0.33337121366189926,0.4650333589250033,0.3863657601866544
1589551927.2254436,-0.61,-3.7,9.02,0.49333333333333335,0.31555555555555553,-0.7977777777777778,0.05235987755982988,0.10144726277217041,-0.3850632662212489,4.473497039017966,-0.062177354602297986,0.39269908169872414,0.60589599609375,-0.14556884765625,-0.1337890625,0.7706298828125,0.33337121366189926,0.4650333589250033,0.3863657601866544
1589551927.2356095,-0.53,-3.55,8.86,0.5333333333333333,0.28444444444444444,-0.7855555555555556,0.02617993877991494,-0.007635815477475192,-0.1908953869368798,4.475678700582959,-0.061086523819801536,0.39269908169872414,0.60662841796875,-0.1453857421875,-0.1337890625,0.77008056640625,0.34022226900883096,0.4778809308314024,0.3723890828255631
1589551927.2432227,-0.64,-3.71,8.89,0.5333333333333333,0.28444444444444444,-0.7855555555555556,-0.01090830782496456,0.0818123086872342,-0.29888763440402893,4.478951192930448,-0.061086523819801536,0.39269908169872414,0.6077880859375,-0.1455078125,-0.1337890625,0.76910400390625,0.34022226900883096,0.4778809308314024,0.3723890828255631
1589551927.2529747,-0.7,-3.72,9.04,0.5333333333333333,0.28444444444444444,-0.7855555555555556,-0.10253809355466686,0.0272707695624114,-0.23889194136672384,4.481132854495441,-0.05999569303730508,0.3937899124812206,0.60858154296875,-0.145751953125,-0.13427734375,0.768310546875,0.34232915890069343,0.4778809308314024,0.3723890828255631
1589551927.2636194,-0.65,-3.46,8.88,0.5333333333333333,0.28444444444444444,-0.7855555555555556,0.07199483164476608,-0.05126904677733343,-0.24652775684419903,4.4833145160604335,-0.05890486225480862,0.3937899124812206,0.60955810546875,-0.14520263671875,-0.13427734375,0.7677001953125,0.34232915890069343,0.4778809308314024,0.2876789338815911
1589551927.2753162,-0.7,-3.58,9.06,0.5333333333333333,0.28444444444444444,-0.7855555555555556,0.02181661564992912,0.03381575425739013,-0.07635815477475191,4.48440534684293,-0.05890486225480862,0.39269908169872414,0.60986328125,-0.14520263671875,-0.13409423828125,0.7674560546875,0.34022226900883096,0.4308257391109686,0.3034114163524859
1589551927.2879045,-0.68,-3.51,8.9,0.5466666666666666,0.27,-0.7766666666666666,-0.0916297857297023,-0.13744467859455345,-0.056723200689815706,4.48440534684293,-0.05781403147231216,0.3937899124812206,0.60992431640625,-0.14495849609375,-0.13482666015625,0.767333984375,0.33562603819066317,0.41075044065421673,0.34022226900883096
1589551927.2942615,-0.72,-3.63,8.87,0.5466666666666666,0.27,-0.7766666666666666,-0.004363323129985824,-0.05999569303730508,-0.09817477042468103,4.485496177625427,-0.056723200689815706,0.3937899124812206,0.6102294921875,-0.1446533203125,-0.135009765625,0.76708984375,0.33562603819066317,0.41075044065421673,0.34022226900883096
1589551927.3088226,-0.68,-3.45,8.96,0.5466666666666666,0.27,-0.7766666666666666,-0.06763150851478027,-0.00545415391248228,-0.002181661564992912,4.485496177625427,-0.056723200689815706,0.394880743263717,0.61016845703125,-0.14483642578125,-0.13519287109375,0.76708984375,0.3379095440748334,0.34022226900883096,0.3248417572103921
1589551927.31551,-0.64,-3.32,8.74,0.5466666666666666,0.27,-0.7766666666666666,0.08290313946973066,0.022907446432425576,-0.05017821599483697,4.485496177625427,-0.056723200689815706,0.3937899124812206,0.6104736328125,-0.1446533203125,-0.13470458984375,0.76702880859375,0.3379095440748334,0.34022226900883096,0.3248417572103921
1589551927.3278582,-0.62,-3.61,8.98,0.5466666666666666,0.27,-0.7766666666666666,-0.02617993877991494,0.016362461737446838,0.019634954084936207,4.485496177625427,-0.056723200689815706,0.3937899124812206,0.6103515625,-0.144775390625,-0.1346435546875,0.76702880859375,0.34232915890069343,0.41713108403018173,0.3128869263878623
1589551927.3341641,-0.64,-3.69,9.07,0.5522222222222222,0.27,-0.7766666666666666,0.056723200689815706,0.022907446432425576,0.06544984694978735,4.48440534684293,-0.05781403147231216,0.39269908169872414,0.61016845703125,-0.14471435546875,-0.13427734375,0.76727294921875,0.34232915890069343,0.41713108403018173,0.3128869263878623
1589551927.3436801,-0.57,-3.59,8.97,0.5522222222222222,0.27,-0.7766666666666666,-0.12544553998709243,-0.007635815477475192,0.039269908169872414,4.48440534684293,-0.05781403147231216,0.3937899124812206,0.60992431640625,-0.1451416015625,-0.13470458984375,0.767333984375,0.3015432709413334,0.41713108403018173,0.3128869263878623
1589551927.3534186,-0.53,-3.53,8.79,0.5522222222222222,0.27,-0.7766666666666666,-0.06326818538479445,0.05563236990731925,0.10690141668465267,4.4833145160604335,-0.05890486225480862,0.394880743263717,0.60955810546875,-0.14556884765625,-0.1346435546875,0.767578125,0.3015432709413334,0.36695276956707285,0.3015432709413334
1589551927.3642328,-0.57,-3.57,8.73,0.5522222222222222,0.27,-0.7766666666666666,0.02181661564992912,-0.062177354602297986,0.07853981633974483,4.482223685277938,-0.05890486225480862,0.3937899124812206,0.60919189453125,-0.14532470703125,-0.13470458984375,0.767822265625,0.31468770072761004,0.36695276956707285,0.3015432709413334
1589551927.3762774,-0.65,-3.69,9.03,0.5522222222222222,0.27,-0.7766666666666666,0.04145156973486533,0.04908738521234052,0.002181661564992912,4.482223685277938,-0.05890486225480862,0.3937899124812206,0.6092529296875,-0.1453857421875,-0.1343994140625,0.767822265625,0.31468770072761004,0.37769476929769935,0.2978707932085081
1589551927.3847556,-0.61,-3.67,8.75,0.5466666666666666,0.15222222222222223,-0.7688888888888888,0.01308996938995747,0.07090400086226964,0.17998707911191522,4.481132854495441,-0.05999569303730508,0.3937899124812206,0.608642578125,-0.14569091796875,-0.13397216796875,0.768310546875,0.3696522432444459,0.26040171388951255,0.2978707932085081
1589551927.3938751,-0.54,-3.6,8.82,0.5466666666666666,0.15222222222222223,-0.7688888888888888,0.04363323129985824,-0.10362892433716332,-0.01308996938995747,4.481132854495441,-0.05890486225480862,0.39269908169872414,0.60870361328125,-0.14520263671875,-0.1341552734375,0.76837158203125,0.3696522432444459,0.26040171388951255,0.24850809137852486
1589551927.40355,-0.61,-3.57,8.96,0.5466666666666666,0.15222222222222223,-0.7688888888888888,-0.02399827721492203,0.07744898555724837,0.21707532571679475,4.478951192930448,-0.061086523819801536,0.39269908169872414,0.60791015625,-0.14569091796875,-0.13385009765625,0.76898193359375,0.3593288242735007,0.30895340572783037,0.24850809137852486
1589551927.4139752,-0.61,-3.54,8.79,0.5466666666666666,0.15222222222222223,-0.7688888888888888,-0.08944812416470939,0.03381575425739013,0.20398535632683729,4.476769531365456,-0.062177354602297986,0.3937899124812206,0.60711669921875,-0.14617919921875,-0.1339111328125,0.76947021484375,0.3593288242735007,0.30895340572783037,0.30895340572783037
1589551927.4260235,-0.64,-3.56,8.75,0.5466666666666666,0.15222222222222223,-0.7688888888888888,0.09817477042468103,-0.05126904677733343,0.2530727415391778,4.474587869800462,-0.062177354602297986,0.39269908169872414,0.606201171875,-0.1458740234375,-0.13348388671875,0.77032470703125,0.3696522432444459,0.3696522432444459,0.25760627616834847
1589551927.4376051,-0.66,-3.52,9.08,0.48444444444444446,0.16444444444444445,-0.6711111111111111,0.0,0.04908738521234052,0.2617993877991494,4.472406208235469,-0.06326818538479445,0.39269908169872414,0.605224609375,-0.146240234375,-0.13311767578125,0.77105712890625,0.3248417572103921,0.3696522432444459,0.25760627616834847
1589551927.444177,-0.65,-3.51,9.18,0.48444444444444446,0.16444444444444445,-0.6711111111111111,0.01308996938995747,-0.001090830782496456,0.3763366199612773,4.468042885105484,-0.06544984694978735,0.39269908169872414,0.6038818359375,-0.1463623046875,-0.1328125,0.772216796875,0.3248417572103921,0.4778809308314024,0.3051113371361419
1589551927.4597633,-0.72,-3.42,8.9,0.48444444444444446,0.16444444444444445,-0.6711111111111111,-0.008726646259971648,-0.19853120241435498,0.4745113903859583,4.463679561975498,-0.06544984694978735,0.3916082509162277,0.6019287109375,-0.14593505859375,-0.1329345703125,0.77374267578125,0.3567681567603077,0.4650333589250033,0.2618207959448959
1589551927.4662526,-0.68,-3.49,9.02,0.48444444444444446,0.16444444444444445,-0.6711111111111111,0.008726646259971648,0.020725784867432664,0.18871372537188688,4.461497900410505,-0.06654067773228381,0.3916082509162277,0.60125732421875,-0.14605712890625,-0.1326904296875,0.7742919921875,0.3567681567603077,0.4650333589250033,0.2618207959448959
1589551927.4807785,-0.84,-3.78,8.89,0.48444444444444446,0.16444444444444445,-0.6711111111111111,0.06981317007977318,0.042542400517361786,0.4134248665661568,4.458225408063015,-0.06763150851478027,0.39051742013373125,0.59979248046875,-0.14630126953125,-0.13201904296875,0.7755126953125,0.33136596019053416,0.4650333589250033,0.29445862267704453
1589551927.4866545,-0.78,-3.68,8.97,0.4811111111111111,0.21777777777777776,-0.65,-0.004363323129985824,-0.0839939702522271,0.6337726846304409,4.451680423368036,-0.06981317007977318,0.39051742013373125,0.59735107421875,-0.1463623046875,-0.13177490234375,0.77740478515625,0.33136596019053416,0.4650333589250033,0.29445862267704453
1589551927.4980721,-0.85,-3.67,9.0,0.4811111111111111,0.21777777777777776,-0.65,-0.06326818538479445,0.0643590161672909,0.5781403147231217,4.446226269455555,-0.07199483164476608,0.39051742013373125,0.59515380859375,-0.147216796875,-0.13140869140625,0.77899169921875,0.30702113579835705,0.4863660959204594,0.29969651553482884
1589551927.503814,-0.93,-3.88,8.89,0.4811111111111111,0.21777777777777776,-0.65,-0.07199483164476608,-0.01854412330243975,0.7483099167925688,4.438590453978079,-0.07526732399225547,0.39051742013373125,0.59228515625,-0.1478271484375,-0.1312255859375,0.7811279296875,0.30702113579835705,0.4863660959204594,0.29969651553482884
1589551927.518584,-0.91,-3.89,8.82,0.4811111111111111,0.21777777777777776,-0.65,0.008726646259971648,-0.09053895494720585,0.7984881327874057,4.430954638500604,-0.07744898555724837,0.3894265893512348,0.58917236328125,-0.14794921875,-0.13092041015625,0.783447265625,0.33562603819066317,0.5146036866178766,0.3227201175914994
1589551927.526267,-0.92,-3.82,8.97,0.4811111111111111,0.21777777777777776,-0.65,-0.11780972450961724,-0.06872233929727672,0.9195703496445125,4.421137161458136,-0.07963064712224129,0.39051742013373125,0.5855712890625,-0.14862060546875,-0.130859375,0.78607177734375,0.33562603819066317,0.5146036866178766,0.3227201175914994
1589551927.5357456,-1.06,-3.91,9.23,0.4811111111111111,0.23777777777777778,-0.6433333333333333,0.04363323129985824,-0.09926560120717749,0.878118779909647,4.4124105151981645,-0.0818123086872342,0.3894265893512348,0.5821533203125,-0.14874267578125,-0.13037109375,0.78863525390625,0.29969651553482884,0.4344734393227604,0.3227201175914994
1589551927.5440164,-0.98,-3.78,8.83,0.4811111111111111,0.23777777777777778,-0.6433333333333333,-0.002181661564992912,0.025089107997418484,1.016654289286697,4.402593038155696,-0.08617563181722002,0.3883357585687383,0.57830810546875,-0.1495361328125,-0.12957763671875,0.79144287109375,0.29969651553482884,0.4344734393227604,0.3227201175914994
1589551927.5544493,-0.9,-3.57,8.69,0.4811111111111111,0.23777777777777778,-0.6433333333333333,0.10690141668465267,-0.09272061651219875,1.08646745936647,4.392775561113228,-0.08944812416470939,0.38724492778624187,0.57415771484375,-0.1495361328125,-0.128662109375,0.79461669921875,0.3248417572103921,0.44194471376482086,0.3227201175914994
1589551927.5645926,-0.89,-3.46,8.86,0.4811111111111111,0.23777777777777778,-0.6433333333333333,0.02617993877991494,-0.05999569303730508,1.0755591515415055,4.381867253288264,-0.09272061651219875,0.3850632662212489,0.57000732421875,-0.14990234375,-0.1279296875,0.79766845703125,0.3248417572103921,0.44194471376482086,0.3015432709413334
1589551927.5783615,-1.0,-3.66,9.13,0.4811111111111111,0.23777777777777778,-0.6433333333333333,-0.061086523819801536,-0.06872233929727672,1.1857330605736476,4.369868114680803,-0.09708393964218458,0.3850632662212489,0.5653076171875,-0.15057373046875,-0.12750244140625,0.80096435546875,0.2876789338815911,0.4956071854791829,0.31468770072761004
1589551927.584032,-0.99,-3.62,8.86,0.5133333333333333,0.2577777777777778,-0.6288888888888889,0.02399827721492203,-0.15271630954950383,1.263182046130896,4.357868976073341,-0.10035643198967394,0.3839724354387525,0.560302734375,-0.15069580078125,-0.12689208984375,0.80450439453125,0.2876789338815911,0.4956071854791829,0.31468770072761004
1589551927.5945206,-1.08,-3.72,8.99,0.5133333333333333,0.2577777777777778,-0.6288888888888889,0.04363323129985824,-0.04690572364734761,1.126828198318839,4.346960668248377,-0.10362892433716332,0.3817907738737596,0.555908203125,-0.15106201171875,-0.12603759765625,0.8076171875,0.3227201175914994,0.500351803226227,0.30702113579835705
1589551927.6052506,-1.08,-3.72,8.84,0.5133333333333333,0.2577777777777778,-0.6288888888888889,-0.08508480103472357,0.016362461737446838,1.2326387842209952,4.334961529640916,-0.10799224746714915,0.3817907738737596,0.551025390625,-0.152099609375,-0.12542724609375,0.81085205078125,0.3227201175914994,0.500351803226227,0.30702113579835705
1589551927.6170444,-0.99,-3.5,8.86,0.5133333333333333,0.2577777777777778,-0.6288888888888889,-0.04799655442984406,-0.001090830782496456,1.2304571226560024,4.322962391033455,-0.11235557059713495,0.38069994309126315,0.546142578125,-0.1529541015625,-0.12469482421875,0.8140869140625,0.316711414149526,0.47352537593952493,0.29969651553482884
1589551927.6325328,-1.06,-3.55,8.71,0.5133333333333333,0.2577777777777778,-0.6288888888888889,0.01090830782496456,-0.04036073895236887,1.2828170002158321,4.309872421643497,-0.11671889372712078,0.37960911230876665,0.54107666015625,-0.153564453125,-0.12384033203125,0.8175048828125,0.33562603819066317,0.4650333589250033,0.29969651553482884
1589551927.638248,-1.16,-3.66,9.02,0.5111111111111111,0.25,-0.6288888888888889,0.09381144729469522,0.009817477042468103,1.4562590946327687,4.29678245225354,-0.12217304763960307,0.37742745074377376,0.535400390625,-0.1541748046875,-0.12237548828125,0.82135009765625,0.33562603819066317,0.4650333589250033,0.29969651553482884
1589551927.6498618,-1.19,-3.56,8.82,0.5111111111111111,0.25,-0.6288888888888889,-0.04145156973486533,-0.038179077387375956,1.2566370614359172,4.283692482863582,-0.1265363707695889,0.3763366199612773,0.53033447265625,-0.15484619140625,-0.1217041015625,0.8245849609375,0.3248417572103921,0.4308257391109686,0.2978707932085081
1589551927.6571932,-1.29,-3.65,9.02,0.5111111111111111,0.25,-0.6288888888888889,0.028361600344907853,-0.10581058590215622,1.3286318930806833,4.270602513473625,-0.12980886311707826,0.3741549583962844,0.52496337890625,-0.1551513671875,-0.12091064453125,0.82806396484375,0.3248417572103921,0.4308257391109686,0.2978707932085081
1589551927.6695616,-1.3,-3.47,8.99,0.5111111111111111,0.25,-0.6288888888888889,-0.017453292519943295,-0.05126904677733343,1.3668109704680593,4.257512544083667,-0.1341721862470641,0.37306412761378793,0.5194091796875,-0.15576171875,-0.12005615234375,0.83154296875,0.23418789348797417,0.42056425696985505,0.3128869263878623
1589551927.6770613,-1.33,-3.51,8.96,0.5111111111111111,0.25,-0.6288888888888889,0.11999138607461016,-0.09053895494720585,1.174824752748683,4.246604236258703,-0.13744467859455345,0.36979163526629855,0.51470947265625,-0.15582275390625,-0.118896484375,0.83465576171875,0.23418789348797417,0.42056425696985505,0.3128869263878623
1589551927.6896255,-1.43,-3.6,8.71,0.5111111111111111,0.23777777777777778,-0.6222222222222222,0.08290313946973066,-0.1810779098944117,1.3199052468207118,4.233514266868745,-0.1407171709420428,0.36760997370130566,0.50933837890625,-0.1556396484375,-0.1180419921875,0.83807373046875,0.3015432709413334,0.49094599362502317,0.2893893153577334
1589551927.6955824,-1.46,-3.66,9.2,0.5111111111111111,0.23777777777777778,-0.6222222222222222,0.12544553998709243,0.025089107997418484,1.3842642629880026,4.220424297478788,-0.14508049407202864,0.3643374813538163,0.50384521484375,-0.15618896484375,-0.116455078125,0.841552734375,0.3015432709413334,0.49094599362502317,0.2893893153577334
1589551927.704798,-1.45,-3.53,8.75,0.5111111111111111,0.23777777777777778,-0.6222222222222222,0.039269908169872414,-0.0643590161672909,1.1944597068336191,4.208425158871327,-0.14944381720201447,0.36324665057131983,0.49896240234375,-0.15655517578125,-0.1156005859375,0.844482421875,0.2779605947898692,0.49094599362502317,0.2893893153577334
1589551927.715551,-1.16,-3.17,8.46,0.5111111111111111,0.23777777777777778,-0.6222222222222222,-0.08508480103472357,-0.14180800172453928,1.4257158327228678,4.194244358698873,-0.15271630954950383,0.3610649890063269,0.49298095703125,-0.156982421875,-0.11517333984375,0.8480224609375,0.2779605947898692,0.4863660959204594,0.23640729479891587
1589551927.727014,-1.27,-3.27,8.87,0.5111111111111111,0.23777777777777778,-0.6222222222222222,0.12762720155208535,-0.0818123086872342,1.287180323345818,4.181154389308916,-0.15598880189699318,0.358883327441334,0.48773193359375,-0.15704345703125,-0.1138916015625,0.8511962890625,0.3642899190747107,0.16019753058084096,0.23640729479891587
1589551927.7337713,-1.43,-3.38,9.35,0.5433333333333333,0.19555555555555557,-0.65,0.04145156973486533,0.014180800172453926,1.205368014658584,4.170246081483951,-0.16035212502697901,0.3567016658763411,0.4827880859375,-0.15765380859375,-0.11273193359375,0.85400390625,0.3642899190747107,0.16019753058084096,0.28598735499456934
1589551927.7445536,-1.83,-3.57,9.01,0.5433333333333333,0.19555555555555557,-0.65,0.002181661564992912,-0.009817477042468103,1.3024519543007684,4.157156112093993,-0.16471544815696484,0.35452000431134817,0.47735595703125,-0.1583251953125,-0.11175537109375,0.8570556640625,0.29445862267704453,0.1636235496637318,0.28598735499456934
1589551927.7544255,-1.83,-3.57,9.02,0.5433333333333333,0.19555555555555557,-0.65,0.04581489286485115,-0.17235126363444003,1.3777192782930239,4.144066142704036,-0.1679879405044542,0.35124751196385884,0.47161865234375,-0.15826416015625,-0.11090087890625,0.8603515625,0.29445862267704453,0.1636235496637318,0.23303536992048876
1589551927.7661998,-1.8,-3.55,8.86,0.5433333333333333,0.19555555555555557,-0.65,0.06544984694978735,0.00545415391248228,1.4322608174178466,4.1298853425315825,-0.17235126363444003,0.3490658503988659,0.46563720703125,-0.15887451171875,-0.10955810546875,0.8636474609375,0.33562603819066317,0.13878555848458704,0.2978707932085081
1589551927.776758,-1.65,-3.22,9.08,0.5433333333333333,0.19555555555555557,-0.65,0.15162547876700738,-0.001090830782496456,1.237002107350981,4.117886203924121,-0.17671458676442586,0.3457933580513765,0.46063232421875,-0.1591796875,-0.10797119140625,0.86651611328125,0.33562603819066317,0.13878555848458704,0.2978707932085081
1589551927.7886775,-1.79,-3.26,9.2,0.5277777777777778,0.17555555555555555,-0.6711111111111111,-0.04145156973486533,-0.1679879405044542,1.3199052468207118,4.104796234534164,-0.17998707911191522,0.3436116964863836,0.4549560546875,-0.1593017578125,-0.10748291015625,0.86956787109375,0.29445862267704453,0.16657462761459402,0.22439736427242424
1589551927.7987347,-1.94,-3.38,9.17,0.5277777777777778,0.17555555555555555,-0.6711111111111111,-0.032724923474893676,-0.038179077387375956,1.4148075248979033,4.091706265144206,-0.18435040224190105,0.34143003492139073,0.44891357421875,-0.159912109375,-0.10662841796875,0.8726806640625,0.33562603819066317,0.16657462761459402,0.22439736427242424
1589551927.8067825,-2.04,-3.5,8.9,0.5277777777777778,0.17555555555555555,-0.6711111111111111,-0.04363323129985824,0.01854412330243975,1.559888018969932,4.076434634189257,-0.18871372537188688,0.3392483733563978,0.44232177734375,-0.160888671875,-0.1055908203125,0.8759765625,0.33562603819066317,0.18007875085108416,0.2909449891581246
1589551927.8211017,-1.44,-2.92,8.66,0.5277777777777778,0.17555555555555555,-0.6711111111111111,-0.02181661564992912,-0.18980455615438332,1.347176016383123,4.063344664799298,-0.19198621771937624,0.33706671179140485,0.43646240234375,-0.16082763671875,-0.10504150390625,0.87896728515625,0.2962453376934545,0.1880465837723575,0.28598735499456934
1589551927.8281298,-1.34,-3.13,9.35,0.5277777777777778,0.17555555555555555,-0.6711111111111111,-0.12980886311707826,-0.13526301702956053,1.3689926320330523,4.049163864626845,-0.19416787928436915,0.3359758810089084,0.43048095703125,-0.1611328125,-0.1048583984375,0.88189697265625,0.2962453376934545,0.1880465837723575,0.28598735499456934
1589551927.840766,-1.73,-3.05,8.96,0.5866666666666667,0.1288888888888889,-0.6433333333333333,0.05017821599483697,-0.09926560120717749,1.2762720155208536,4.037164726019383,-0.1974403716318585,0.3327033886614191,0.425048828125,-0.16119384765625,-0.1038818359375,0.8846435546875,0.33337121366189926,0.20422980471978275,0.33136596019053416
1589551927.846806,-2.11,-3.22,9.05,0.5866666666666667,0.1288888888888889,-0.6433333333333333,-0.12326387842209952,-0.16144295580947549,1.2849986617808251,4.0240747566294255,-0.20071286397934787,0.33161255787892263,0.4193115234375,-0.161376953125,-0.10369873046875,0.8873291015625,0.33337121366189926,0.20422980471978275,0.33136596019053416
1589551927.8587582,-1.81,-2.94,9.01,0.5866666666666667,0.1288888888888889,-0.6433333333333333,-0.03490658503988659,-0.04908738521234052,1.203186353093591,4.012075618021965,-0.20398535632683729,0.3294308963139297,0.41412353515625,-0.16180419921875,-0.10302734375,0.8897705078125,0.29969651553482884,0.18361401564054855,0.33136596019053416
1589551927.8661005,-1.65,-2.89,8.86,0.5866666666666667,0.1288888888888889,-0.6433333333333333,0.06981317007977318,-0.11235557059713495,1.2184579840485412,4.0000764794145045,-0.20616701789183017,0.32615840396644036,0.40887451171875,-0.16180419921875,-0.10198974609375,0.892333984375,0.29969651553482884,0.18361401564054855,0.3723890828255631
1589551927.8808384,-1.6,-2.85,8.83,0.5866666666666667,0.1288888888888889,-0.6433333333333333,0.02617993877991494,-0.04690572364734761,1.088649120931463,3.990259002372036,-0.20943951023931953,0.3239767424014474,0.4041748046875,-0.1619873046875,-0.10113525390625,0.89453125,0.33337121366189926,0.20422980471978275,0.3834344053953583
1589551927.8866458,-1.65,-2.7,9.07,0.5966666666666667,0.07222222222222222,-0.6577777777777778,-0.04581489286485115,-0.05126904677733343,0.9130253649495337,3.9804415253295677,-0.21162117180431245,0.32288591161895097,0.400146484375,-0.16229248046875,-0.10076904296875,0.89630126953125,0.33337121366189926,0.20422980471978275,0.3834344053953583
1589551927.8994155,-1.79,-2.78,9.04,0.5966666666666667,0.07222222222222222,-0.6577777777777778,-0.08072147790473774,0.053450708342326333,0.878118779909647,3.972805709852093,-0.21489366415180183,0.3217950808364545,0.39630126953125,-0.1630859375,-0.10028076171875,0.89794921875,0.36695276956707285,0.1828820421604963,0.4275914443905159
1589551927.905511,-2.18,-3.02,9.18,0.5966666666666667,0.07222222222222222,-0.6577777777777778,-0.002181661564992912,0.04908738521234052,0.6883142237552637,3.965169894374617,-0.21707532571679475,0.32070425005395803,0.393310546875,-0.16363525390625,-0.09967041015625,0.89923095703125,0.36695276956707285,0.1828820421604963,0.4275914443905159
1589551927.9175472,-1.99,-2.8,8.85,0.5966666666666667,0.07222222222222222,-0.6577777777777778,-0.05017821599483697,-0.016362461737446838,0.8563021642597178,3.957534078897142,-0.21925698728178766,0.31852258848896514,0.3895263671875,-0.1640625,-0.0992431640625,0.90081787109375,0.33337121366189926,0.4074650127970809,0.4275914443905159
1589551927.9273953,-2.14,-2.97,9.26,0.5966666666666667,0.07222222222222222,-0.6577777777777778,-0.028361600344907853,-0.020725784867432664,0.6664976081053345,3.9509890942021637,-0.22143864884678055,0.3174317577064687,0.3865966796875,-0.16436767578125,-0.098876953125,0.902099609375,0.33337121366189926,0.4074650127970809,0.4275914443905159
1589551927.9361033,-2.25,-3.03,9.15,0.6677777777777778,-0.04888888888888889,-0.6644444444444444,-0.06981317007977318,0.10799224746714915,0.4788747135159442,3.9466257710721777,-0.22362031041177347,0.3174317577064687,0.38446044921875,-0.16522216796875,-0.09857177734375,0.90283203125,0.3593288242735007,0.2909449891581246,0.4275914443905159
1589551927.9463813,-2.01,-2.79,8.86,0.6677777777777778,-0.04888888888888889,-0.6644444444444444,0.032724923474893676,0.04036073895236887,0.4996004983833768,3.9411716171596956,-0.22580197197676635,0.31634092692397225,0.38232421875,-0.16552734375,-0.09796142578125,0.90374755859375,0.3593288242735007,0.2909449891581246,0.3051113371361419
1589551927.9556818,-2.15,-2.93,9.25,0.6677777777777778,-0.04888888888888889,-0.6644444444444444,0.13635384781205698,0.022907446432425576,0.4526947747360292,3.9368082940297096,-0.22689280275926282,0.3141592653589793,0.3804931640625,-0.1656494140625,-0.09698486328125,0.9046630859375,0.33337121366189926,0.3982094308317678,0.3051113371361419
1589551927.966161,-1.77,-2.47,8.15,0.6677777777777778,-0.04888888888888889,-0.6644444444444444,-0.05890486225480862,-0.1308996938995747,0.3425208657038872,3.9335358016822206,-0.22689280275926282,0.3141592653589793,0.37884521484375,-0.16534423828125,-0.09716796875,0.90533447265625,0.33337121366189926,0.3982094308317678,0.31468770072761004
1589551927.9776099,-1.97,-2.64,9.35,0.6677777777777778,-0.04888888888888889,-0.6644444444444444,0.06763150851478027,0.011999138607461015,0.24652775684419903,3.9313541401172274,-0.22798363354175932,0.31306843457648287,0.37786865234375,-0.16534423828125,-0.0966796875,0.90582275390625,0.33337121366189926,0.3015432709413334,0.30895340572783037
1589551927.9854643,-2.27,-2.78,9.5,0.9344444444444444,-0.38666666666666666,-0.6166666666666667,0.006544984694978735,-0.14180800172453928,0.11999138607461016,3.930263309334731,-0.22689280275926282,0.31197760379398637,0.37725830078125,-0.164794921875,-0.09686279296875,0.90618896484375,0.33337121366189926,0.3015432709413334,0.30895340572783037
1589551927.9971507,-2.35,-2.88,9.29,0.9344444444444444,-0.38666666666666666,-0.6166666666666667,0.04145156973486533,0.12435470920459597,0.32288591161895097,3.9269908169872414,-0.22907446432425577,0.3108867730114899,0.37591552734375,-0.1654052734375,-0.09619140625,0.90667724609375,0.31090853643828664,0.4074650127970809,0.31468770072761004
1589551928.0106337,-1.97,-2.59,8.69,0.9344444444444444,-0.38666666666666666,-0.6166666666666667,0.13853550937704992,-0.031634092692397225,0.09381144729469522,3.925899986204745,-0.22907446432425577,0.3097959422289935,0.3756103515625,-0.1650390625,-0.09552001953125,0.90692138671875,0.33136596019053416,0.3015432709413334,0.2876789338815911
1589551928.0168786,-2.29,-2.85,9.37,0.9344444444444444,-0.38666666666666666,-0.6166666666666667,0.09381144729469522,0.022907446432425576,0.10690141668465267,3.925899986204745,-0.2301652951067522,0.30870511144649704,0.375244140625,-0.1650390625,-0.094970703125,0.90716552734375,0.33136596019053416,0.3015432709413334,0.2876789338815911
1589551928.0290132,-1.66,-2.3,8.41,0.9344444444444444,-0.38666666666666666,-0.6166666666666667,-0.07853981633974483,-0.11453723216212788,0.11344640137963141,3.923718324639752,-0.22907446432425577,0.30870511144649704,0.37457275390625,-0.16473388671875,-0.095458984375,0.90740966796875,0.34022226900883096,0.3015432709413334,0.2876789338815911
1589551928.036212,-1.78,-2.46,9.21,1.4177777777777778,-0.6,-0.5644444444444444,-0.061086523819801536,-0.07526732399225547,0.2945243112740431,3.921536663074759,-0.22907446432425577,0.30870511144649704,0.37322998046875,-0.1646728515625,-0.09564208984375,0.90802001953125,0.34022226900883096,0.42056425696985505,0.2909449891581246
1589551928.050748,-1.91,-2.61,9.43,1.4177777777777778,-0.6,-0.5644444444444444,0.08072147790473774,-0.10362892433716332,0.015271630954950384,3.920445832292262,-0.22798363354175932,0.3076142806640006,0.3731689453125,-0.1640625,-0.095458984375,0.90814208984375,0.34022226900883096,0.4650333589250033,0.2876789338815911
1589551928.0575426,-2.08,-2.7,9.02,1.4177777777777778,-0.6,-0.5644444444444444,-0.02399827721492203,0.011999138607461015,-0.06326818538479445,3.921536663074759,-0.22798363354175932,0.30870511144649704,0.3734130859375,-0.16412353515625,-0.0955810546875,0.90802001953125,0.34022226900883096,0.4650333589250033,0.2876789338815911
1589551928.0670025,-1.92,-2.62,9.28,1.4177777777777778,-0.6,-0.5644444444444444,0.05017821599483697,-0.11890055529211369,-0.002181661564992912,3.921536663074759,-0.22689280275926282,0.3076142806640006,0.3734130859375,-0.16351318359375,-0.0955810546875,0.90814208984375,0.34232915890069343,0.4308257391109686,0.2876789338815911
1589551928.0782235,-1.44,-2.29,8.67,1.4177777777777778,-0.6,-0.5644444444444444,0.019634954084936207,-0.02945243112740431,-0.19307704850187268,3.9226274938572554,-0.22580197197676635,0.3076142806640006,0.374267578125,-0.16326904296875,-0.095703125,0.90777587890625,0.34232915890069343,0.4308257391109686,0.29969651553482884
1589551928.089437,-1.51,-2.35,8.96,0.8655555555555555,-0.14333333333333334,-0.7266666666666667,0.056723200689815706,0.05781403147231216,-0.5039638215133627,3.928081647769738,-0.2247111411942699,0.30870511144649704,0.3765869140625,-0.16314697265625,-0.09576416015625,0.9068603515625,0.3723890828255631,0.31468770072761004,0.25760627616834847
1589551928.0961561,-1.64,-2.35,9.07,0.8655555555555555,-0.14333333333333334,-0.7266666666666667,0.006544984694978735,0.05126904677733343,-0.4265148359561142,3.932444970899724,-0.2247111411942699,0.3097959422289935,0.37847900390625,-0.1632080078125,-0.09600830078125,0.90606689453125,0.3723890828255631,0.31468770072761004,0.25760627616834847
1589551928.107898,-1.67,-2.26,8.74,0.8655555555555555,-0.14333333333333334,-0.7266666666666667,-0.01308996938995747,-0.01854412330243975,-0.5977752688080579,3.937899124812206,-0.222529479629277,0.3108867730114899,0.38104248046875,-0.162841796875,-0.0965576171875,0.90496826171875,0.3723890828255631,0.4240506381044018,0.25760627616834847
1589551928.1166625,-1.61,-2.39,8.96,0.8655555555555555,-0.14333333333333334,-0.7266666666666667,0.0370882466048795,0.03381575425739013,-0.74176493209759,3.945534940289681,-0.2203478180642841,0.31197760379398637,0.38433837890625,-0.16259765625,-0.096923828125,0.903564453125,0.3723890828255631,0.4240506381044018,0.3128869263878623
1589551928.1285634,-2.06,-2.58,9.12,0.8655555555555555,-0.14333333333333334,-0.7266666666666667,0.08508480103472357,0.06654067773228381,-0.6752242543653063,3.9520799249846594,-0.21925698728178766,0.31306843457648287,0.38739013671875,-0.16241455078125,-0.096923828125,0.90228271484375,0.33562603819066317,0.34953162930465587,0.25760627616834847
1589551928.1362374,-2.2,-3.08,9.21,0.6755555555555556,0.04777777777777778,-0.7122222222222222,-0.06326818538479445,-0.04690572364734761,-0.6272276999354622,3.9586249096796386,-0.21707532571679475,0.3141592653589793,0.39007568359375,-0.16204833984375,-0.0977783203125,0.901123046875,0.33562603819066317,0.34953162930465587,0.25760627616834847
1589551928.1477964,-1.62,-2.75,8.22,0.6755555555555556,0.04777777777777778,-0.7122222222222222,-0.18435040224190105,-0.21162117180431245,-0.6337726846304409,3.9640790635921213,-0.2127120025868089,0.3174317577064687,0.392578125,-0.1611328125,-0.0994873046875,0.9000244140625,0.33337121366189926,0.4778809308314024,0.26311038413585025
1589551928.156879,-1.98,-3.18,8.9,0.6755555555555556,0.04777777777777778,-0.7122222222222222,-0.09381144729469522,0.0818123086872342,-0.7984881327874057,3.971714879069596,-0.21162117180431245,0.3196134192714616,0.39605712890625,-0.16131591796875,-0.10040283203125,0.89837646484375,0.33337121366189926,0.4778809308314024,0.26311038413585025
1589551928.1689136,-2.21,-3.48,9.74,0.6755555555555556,0.04777777777777778,-0.7122222222222222,0.03490658503988659,0.022907446432425576,-0.9501136115544131,3.9804415253295677,-0.2083486794568231,0.3217950808364545,0.40020751953125,-0.160888671875,-0.1009521484375,0.89654541015625,0.3269896237620402,0.4381793078164114,0.24231655100742916
1589551928.179001,-2.15,-3.28,8.99,0.6755555555555556,0.04777777777777778,-0.7122222222222222,0.02181661564992912,-0.00545415391248228,-0.7744898555724837,3.9880773408070427,-0.20616701789183017,0.32288591161895097,0.403564453125,-0.16046142578125,-0.1014404296875,0.89501953125,0.3269896237620402,0.4381793078164114,0.24231655100742916
1589551928.1865196,-2.09,-3.25,9.26,0.6133333333333333,0.12222222222222222,-0.7477777777777778,0.04799655442984406,0.11017390903214205,-0.9795660426818175,3.997894817849511,-0.20398535632683729,0.3239767424014474,0.40789794921875,-0.16033935546875,-0.10174560546875,0.89306640625,0.3248417572103921,0.4344734393227604,0.24231655100742916
1589551928.1924813,-2.09,-3.25,9.26,0.6133333333333333,0.12222222222222222,-0.7477777777777778,0.04799655442984406,0.11017390903214205,-0.9795660426818175,3.997894817849511,-0.20398535632683729,0.3239767424014474,0.40789794921875,-0.16033935546875,-0.10174560546875,0.89306640625,0.3248417572103921,0.4344734393227604,0.34469892955945086
1589551928.2027085,-1.89,-2.93,8.9,0.6133333333333333,0.12222222222222222,-0.7477777777777778,0.02181661564992912,0.08835729338221293,-1.0406525665016189,4.007712294891979,-0.20180369476184434,0.32615840396644036,0.4124755859375,-0.16015625,-0.102294921875,0.89093017578125,0.33337121366189926,0.5096043784948763,0.27340573595297823
1589551928.2097828,-2.13,-3.34,9.11,0.6133333333333333,0.12222222222222222,-0.7477777777777778,-0.01090830782496456,0.062177354602297986,-1.2140946609185554,4.01971143349944,-0.19853120241435498,0.32834006553143325,0.417724609375,-0.15985107421875,-0.1031494140625,0.888427734375,0.33337121366189926,0.5096043784948763,0.27340573595297823
1589551928.218587,-1.88,-3.27,8.74,0.6133333333333333,0.12222222222222222,-0.7477777777777778,0.15162547876700738,0.1810779098944117,-1.3089969389957472,4.0328014028893975,-0.19634954084936207,0.3294308963139297,0.42352294921875,-0.15966796875,-0.1031494140625,0.88568115234375,0.3291641949951565,0.5096043784948763,0.27340573595297823
1589551928.22996,-1.98,-3.4,9.27,0.6133333333333333,0.12222222222222222,-0.7477777777777778,0.002181661564992912,0.04036073895236887,-1.3220869083857045,4.045891372279355,-0.19198621771937624,0.33161255787892263,0.42919921875,-0.15924072265625,-0.1041259765625,0.8829345703125,0.3291641949951565,0.5096043784948763,0.3269896237620402
1589551928.2407742,-1.78,-3.03,8.99,0.6222222222222222,0.13777777777777778,-0.7322222222222222,-0.017453292519943295,-0.07308566242726255,-1.3395402009056478,4.058981341669313,-0.18762289458939044,0.33488505022641196,0.43487548828125,-0.15826416015625,-0.1053466796875,0.88018798828125,0.3248417572103921,0.4863660959204594,0.2811853495413832
1589551928.2473118,-1.51,-3.25,8.98,0.6222222222222222,0.13777777777777778,-0.7322222222222222,-0.019634954084936207,0.022907446432425576,-1.53588974175501,4.074252972624263,-0.1832595714594046,0.33706671179140485,0.44140625,-0.1575927734375,-0.1065673828125,0.87689208984375,0.3248417572103921,0.4863660959204594,0.2811853495413832
1589551928.2570975,-1.68,-3.15,8.87,0.6222222222222222,0.13777777777777778,-0.7322222222222222,0.04581489286485115,0.15271630954950383,-1.5075281414101023,4.088433772796717,-0.17889624832941878,0.3392483733563978,0.44793701171875,-0.15740966796875,-0.107177734375,0.87353515625,0.3248417572103921,0.4863660959204594,0.2811853495413832
1589551928.2643745,-1.68,-3.15,8.87,0.6222222222222222,0.13777777777777778,-0.7322222222222222,0.04581489286485115,0.15271630954950383,-1.5075281414101023,4.088433772796717,-0.17889624832941878,0.3392483733563978,0.44793701171875,-0.15740966796875,-0.107177734375,0.87353515625,0.3248417572103921,0.49094599362502317,0.34469892955945086
1589551928.2704356,-1.63,-3.2,9.12,0.6222222222222222,0.13777777777777778,-0.7322222222222222,0.14289883250703572,-0.016362461737446838,-1.598067096357308,4.103705403751667,-0.17453292519943295,0.3403392041388943,0.45477294921875,-0.15618896484375,-0.10784912109375,0.87017822265625,0.3248417572103921,0.49094599362502317,0.34469892955945086
1589551928.2803164,-1.8,-3.52,9.01,0.6222222222222222,0.13777777777777778,-0.7322222222222222,0.02617993877991494,-0.044724062082354694,-1.7475109135593225,4.1211586962716105,-0.1679879405044542,0.3436116964863836,0.46209716796875,-0.155029296875,-0.109130859375,0.8663330078125,0.3269896237620402,0.46924345517404525,0.35424139487837897
1589551928.2873206,-1.8,-3.78,9.06,0.5911111111111111,0.17777777777777778,-0.7333333333333333,-0.05017821599483697,0.044724062082354694,-1.5707963267948966,4.136430327226561,-0.1636246173744684,0.3457933580513765,0.46868896484375,-0.15447998046875,-0.11041259765625,0.86273193359375,0.3269896237620402,0.46924345517404525,0.35424139487837897
1589551928.297714,-1.65,-3.7,9.08,0.5911111111111111,0.17777777777777778,-0.7333333333333333,-0.06763150851478027,0.1287180323345818,-1.6111570657472654,4.151701958181512,-0.15926129424448257,0.3490658503988659,0.47540283203125,-0.154296875,-0.11163330078125,0.85888671875,0.33136596019053416,0.4778809308314024,0.35424139487837897
1589551928.3083694,-1.58,-3.51,8.77,0.5911111111111111,0.17777777777777778,-0.7333333333333333,-0.08726646259971647,0.044724062082354694,-1.6373370045271802,4.1680644199189585,-0.1538071403320003,0.3523383427463553,0.482177734375,-0.15380859375,-0.11309814453125,0.85504150390625,0.33136596019053416,0.4778809308314024,0.2498081443595784
1589551928.3205545,-1.45,-3.43,8.99,0.5911111111111111,0.17777777777777778,-0.7333333333333333,0.02617993877991494,0.044724062082354694,-1.756237559819294,4.185517712438902,-0.148352986419518,0.35452000431134817,0.48944091796875,-0.1529541015625,-0.11419677734375,0.85089111328125,0.28598735499456934,0.4240506381044018,0.3128869263878623
1589551928.3313856,-1.54,-3.54,8.85,0.5911111111111111,0.17777777777777778,-0.7333333333333333,-0.01090830782496456,0.009817477042468103,-1.7126043285194357,4.201880174176348,-0.14289883250703572,0.3567016658763411,0.4964599609375,-0.15203857421875,-0.11553955078125,0.8468017578125,0.2779605947898692,0.4240506381044018,0.3128869263878623
1589551928.3385596,-1.55,-3.6,9.01,0.5866666666666667,0.21777777777777776,-0.72,0.11344640137963141,-0.0032724923474893677,-1.5642513420999178,4.217151805131299,-0.13744467859455345,0.35779249665883756,0.5029296875,-0.15093994140625,-0.1162109375,0.84307861328125,0.2779605947898692,0.4240506381044018,0.2253633367792635
1589551928.3525078,-1.43,-3.55,8.96,0.5866666666666667,0.21777777777777776,-0.72,-0.15598880189699318,0.042542400517361786,-1.5184364492350666,4.231332605303753,-0.13308135546456762,0.3621558197888234,0.509033203125,-0.150634765625,-0.11785888671875,0.8392333984375,0.22439736427242424,0.44194471376482086,0.2926919490491569
1589551928.358675,-21.68,-22.86,17.94,0.5866666666666667,0.21777777777777776,-0.72,-0.1090830782496456,1.4529866022852793,-3.3215797327017085,4.266239190343639,-0.1341721862470641,0.36760997370130566,0.523193359375,-0.1549072265625,-0.11712646484375,0.82977294921875,0.22439736427242424,0.44194471376482086,0.2926919490491569
1589551928.3730528,-23.01,-20.72,-2.02,0.5866666666666667,0.21777777777777776,-0.72,-0.8933904108645974,-1.0657416744990376,-3.213587485234559,4.2946007906885475,-0.11344640137963141,0.37960911230876665,0.53472900390625,-0.15106201171875,-0.12579345703125,0.82183837890625,0.21825181965599572,0.4778809308314024,0.2162394792512031
1589551928.3804293,4.86,6.05,7.27,0.5866666666666667,0.21777777777777776,-0.72,0.6621342849753488,1.550070541927464,-2.612539724079012,4.322962391033455,-0.11780972450961724,0.3763366199612773,0.5465087890625,-0.15386962890625,-0.12103271484375,0.81427001953125,0.21825181965599572,0.4778809308314024,0.2162394792512031
1589551928.3911855,-0.89,-0.6,9.83,0.5544444444444444,0.27111111111111114,-0.7122222222222222,0.7810348402674625,0.7581273938350369,-2.5372724000867564,4.350233160595867,-0.11562806294462433,0.3719732968312915,0.5574951171875,-0.1533203125,-0.11785888671875,0.807373046875,0.2077827079105595,0.4863660959204594,0.27496052092173096
1589551928.3978446,-0.29,1.41,7.17,0.5544444444444444,0.27111111111111114,-0.7122222222222222,-0.6708609312353204,-0.20507618710933373,-1.6329736813971945,4.36441396076832,-0.10799224746714915,0.37960911230876665,0.563232421875,-0.15338134765625,-0.1221923828125,0.80267333984375,0.2077827079105595,0.4863660959204594,0.27496052092173096
1589551928.4104815,0.24,-0.32,8.95,0.5544444444444444,0.27111111111111114,-0.7122222222222222,0.03490658503988659,0.23343778745424157,-1.4082625402029247,4.378594760940774,-0.10581058590215622,0.38069994309126315,0.56884765625,-0.15338134765625,-0.12249755859375,0.79864501953125,0.1807898522262605,0.5460691446383974,0.27496052092173096
1589551928.4180827,1.64,-0.89,11.42,0.5544444444444444,0.27111111111111114,-0.7122222222222222,0.056723200689815706,0.031634092692397225,-0.9588402578143849,4.388412237983243,-0.10253809355466686,0.38069994309126315,0.5726318359375,-0.15277099609375,-0.12286376953125,0.7960205078125,0.1807898522262605,0.5460691446383974,0.28598735499456934
1589551928.42977,0.75,-1.37,8.08,0.5544444444444444,0.27111111111111114,-0.7122222222222222,-0.14289883250703572,-0.007635815477475192,-0.729765793490129,4.3949572226782205,-0.09926560120717749,0.38288160465625604,0.5753173828125,-0.1527099609375,-0.12396240234375,0.7939453125,0.22753801560653777,0.31090853643828664,0.2909449891581246
1589551928.4377985,1.14,-2.32,9.68,0.5433333333333333,0.3477777777777778,-0.72,0.13853550937704992,0.12435470920459597,-0.6468626540203983,4.4015022073732,-0.09817477042468103,0.38288160465625604,0.5780029296875,-0.15240478515625,-0.12359619140625,0.7921142578125,0.22753801560653777,0.31090853643828664,0.2909449891581246
1589551928.4510453,0.39,-2.22,9.24,0.5433333333333333,0.3477777777777778,-0.72,0.05235987755982988,0.07090400086226964,-0.5323254218582705,4.4069563612856815,-0.09708393964218458,0.38288160465625604,0.58013916015625,-0.1522216796875,-0.12353515625,0.79058837890625,0.2016607393254627,0.2876789338815911,0.29445862267704453
1589551928.4588196,-0.56,-2.79,9.31,0.5433333333333333,0.3477777777777778,-0.72,0.015271630954950384,0.038179077387375956,-0.42869649752110717,4.411319684415668,-0.09599310885968812,0.38288160465625604,0.581787109375,-0.152099609375,-0.12371826171875,0.78936767578125,0.2016607393254627,0.2876789338815911,0.29445862267704453
1589551928.4688108,-0.71,-2.61,8.7,0.5433333333333333,0.3477777777777778,-0.72,0.04363323129985824,-0.053450708342326333,-0.1908953869368798,4.413501345980661,-0.09490227807719166,0.38288160465625604,0.58251953125,-0.151611328125,-0.12384033203125,0.78887939453125,0.22864012614037754,0.3227201175914994,0.29445862267704453
1589551928.4808722,-0.68,-2.7,9.2,0.5433333333333333,0.3477777777777778,-0.72,-0.1538071403320003,-0.062177354602297986,-0.02617993877991494,4.413501345980661,-0.09381144729469522,0.3839724354387525,0.58245849609375,-0.15179443359375,-0.1246337890625,0.78875732421875,0.22864012614037754,0.3227201175914994,0.3015432709413334
1589551928.4918046,-0.62,-2.58,8.99,0.54,0.3711111111111111,-0.6977777777777778,0.01308996938995747,-0.10144726277217041,0.07199483164476608,4.4124105151981645,-0.09272061651219875,0.3839724354387525,0.5821533203125,-0.15142822265625,-0.12481689453125,0.7890625,0.2016607393254627,0.3696522432444459,0.2811853495413832
1589551928.5043414,-0.75,-2.72,9.18,0.54,0.3711111111111111,-0.6977777777777778,0.08290313946973066,0.21162117180431245,-0.1090830782496456,4.413501345980661,-0.09490227807719166,0.38288160465625604,0.582763671875,-0.15191650390625,-0.12396240234375,0.78863525390625,0.22439736427242424,0.42056425696985505,0.30895340572783037
1589551928.5109682,-0.73,-2.7,8.79,0.54,0.3711111111111111,-0.6977777777777778,0.09599310885968812,-0.08617563181722002,0.10035643198967394,4.4124105151981645,-0.09381144729469522,0.3817907738737596,0.5823974609375,-0.1513671875,-0.123779296875,0.7890625,0.22439736427242424,0.42056425696985505,0.30895340572783037
1589551928.5245047,-0.73,-2.67,8.88,0.54,0.3711111111111111,-0.6977777777777778,-0.07853981633974483,-0.1287180323345818,0.27707101875409984,4.410228853633171,-0.09381144729469522,0.38288160465625604,0.5811767578125,-0.15130615234375,-0.12420654296875,0.78985595703125,0.20422980471978275,0.42056425696985505,0.4956071854791829
1589551928.5304828,-10.9,-29.1,7.06,0.54,0.3711111111111111,-0.6977777777777778,-0.2792526803190927,-0.37742745074377376,-1.1682797680537043,4.42004633067564,-0.08617563181722002,0.38615409700374537,0.585205078125,-0.14990234375,-0.127197265625,0.78668212890625,0.20422980471978275,0.42056425696985505,0.4956071854791829
1589551928.5431738,0.74,-2.53,10.3,0.5344444444444445,0.4,-0.72,0.28579766501407144,0.717766654882668,-0.9457502884244272,4.430954638500604,-0.08944812416470939,0.3839724354387525,0.5894775390625,-0.1512451171875,-0.124755859375,0.78363037109375,0.22439736427242424,0.46924345517404525,0.4778809308314024
1589551928.549774,-0.08,0.55,8.82,0.5344444444444445,0.4,-0.72,-0.21707532571679475,0.02945243112740431,-0.543233729683235,4.436408792413086,-0.08835729338221293,0.38724492778624187,0.59136962890625,-0.15167236328125,-0.12591552734375,0.78192138671875,0.22439736427242424,0.46924345517404525,0.4778809308314024
1589551928.5629284,-0.1,-1.17,8.13,0.5344444444444445,0.4,-0.72,-0.08944812416470939,-0.07090400086226964,-0.2683443724941282,4.438590453978079,-0.08617563181722002,0.3883357585687383,0.59228515625,-0.1514892578125,-0.12664794921875,0.78118896484375,0.23523431129047254,0.4492681034496481,0.2978707932085081
1589551928.5689662,-0.9,-2.42,8.63,0.5344444444444445,0.4,-0.72,0.11999138607461016,0.062177354602297986,-0.01308996938995747,4.438590453978079,-0.08726646259971647,0.38724492778624187,0.59246826171875,-0.1513671875,-0.12603759765625,0.7811279296875,0.23523431129047254,0.4492681034496481,0.2978707932085081
1589551928.5841494,-1.21,-7.46,8.86,0.5344444444444445,0.4,-0.72,-0.2083486794568231,0.03599741582238304,-0.34470252726888007,4.4418629463255686,-0.08617563181722002,0.3894265893512348,0.5936279296875,-0.15191650390625,-0.126953125,0.780029296875,0.2233331025931826,0.4275914443905159,0.29969651553482884
1589551928.5901196,-1.95,-7.86,8.95,0.5555555555555556,0.39555555555555555,-0.72,0.20616701789183017,0.022907446432425576,-0.43960480534607177,4.446226269455555,-0.0839939702522271,0.38724492778624187,0.595458984375,-0.151123046875,-0.12646484375,0.77886962890625,0.2233331025931826,0.4275914443905159,0.29969651553482884
1589551928.599259,-0.43,-2.87,8.87,0.5555555555555556,0.39555555555555555,-0.72,-0.02399827721492203,0.05999569303730508,-0.22143864884678055,4.448407931020547,-0.0839939702522271,0.3883357585687383,0.5963134765625,-0.15130615234375,-0.12652587890625,0.77813720703125,0.2233331025931826,0.3470995556283895,0.29969651553482884
1589551928.609937,-1.05,-4.66,8.61,0.5555555555555556,0.39555555555555555,-0.72,-0.030543261909900768,-0.05563236990731925,-0.16253378659197193,4.4505895925855405,-0.08290313946973066,0.3883357585687383,0.59686279296875,-0.15106201171875,-0.126953125,0.7777099609375,0.2233331025931826,0.3470995556283895,0.3227201175914994
1589551928.6206558,-0.86,-4.57,9.13,0.5555555555555556,0.39555555555555555,-0.72,0.13853550937704992,-0.09490227807719166,-0.11780972450961724,4.451680423368036,-0.0818123086872342,0.38724492778624187,0.59735107421875,-0.15020751953125,-0.12677001953125,0.77752685546875,0.22019622282487755,0.3890400161097513,0.33136596019053416
1589551928.631046,-0.82,-4.17,8.99,0.5555555555555556,0.39555555555555555,-0.72,0.1090830782496456,0.016362461737446838,-0.01090830782496456,4.451680423368036,-0.0818123086872342,0.38615409700374537,0.59747314453125,-0.14996337890625,-0.12628173828125,0.77752685546875,0.22019622282487755,0.3890400161097513,0.33136596019053416
1589551928.642058,-0.81,-4.18,9.08,0.5555555555555556,0.4011111111111111,-0.6966666666666667,-0.02399827721492203,0.014180800172453926,-0.15162547876700738,4.452771254150533,-0.0818123086872342,0.38615409700374537,0.5980224609375,-0.1500244140625,-0.12646484375,0.777099609375,0.2233331025931826,0.33337121366189926,0.30895340572783037
1589551928.6558585,-0.97,-4.11,8.69,0.5555555555555556,0.4011111111111111,-0.6966666666666667,0.02399827721492203,-0.016362461737446838,-0.061086523819801536,4.4538620849330295,-0.08072147790473774,0.38615409700374537,0.5982666015625,-0.14984130859375,-0.12646484375,0.77691650390625,0.22439736427242424,0.37769476929769935,0.31468770072761004
1589551928.6622288,-0.84,-4.11,8.96,0.5555555555555556,0.4011111111111111,-0.6966666666666667,-0.12980886311707826,0.001090830782496456,0.08726646259971647,4.452771254150533,-0.0818123086872342,0.38724492778624187,0.59783935546875,-0.1502685546875,-0.12689208984375,0.777099609375,0.22439736427242424,0.37769476929769935,0.31468770072761004
1589551928.6690395,-0.95,-3.99,8.81,0.5555555555555556,0.4011111111111111,-0.6966666666666667,0.030543261909900768,0.0032724923474893677,-0.04145156973486533,4.452771254150533,-0.08072147790473774,0.38724492778624187,0.5980224609375,-0.150146484375,-0.1268310546875,0.7769775390625,0.22439736427242424,0.37769476929769935,0.31468770072761004
1589551928.6812727,-0.9,-4.0,9.03,0.5555555555555556,0.4011111111111111,-0.6966666666666667,0.04363323129985824,-0.03599741582238304,-0.01308996938995747,4.452771254150533,-0.08072147790473774,0.38615409700374537,0.59808349609375,-0.14990234375,-0.12677001953125,0.7769775390625,0.2016607393254627,0.3379095440748334,0.31090853643828664
1589551928.69082,-0.94,-3.97,8.9,0.5433333333333333,0.41333333333333333,-0.6888888888888889,0.004363323129985824,0.022907446432425576,-0.008726646259971648,4.452771254150533,-0.08072147790473774,0.38615409700374537,0.59814453125,-0.14996337890625,-0.126708984375,0.7769775390625,0.22439736427242424,0.3379095440748334,0.31090853643828664
1589551928.7004752,-0.88,-4.05,9.05,0.5433333333333333,0.41333333333333333,-0.6888888888888889,-0.14726215563702155,-0.03381575425739013,-0.07199483164476608,4.4538620849330295,-0.08072147790473774,0.3883357585687383,0.5982666015625,-0.15020751953125,-0.12738037109375,0.7767333984375,0.22439736427242424,0.4240506381044018,0.30702113579835705
1589551928.7109993,-0.89,-4.08,8.86,0.5433333333333333,0.41333333333333333,-0.6888888888888889,0.06763150851478027,0.11890055529211369,-0.061086523819801536,4.454952915715526,-0.0818123086872342,0.3883357585687383,0.59857177734375,-0.15057373046875,-0.126953125,0.7764892578125,0.1918826046211334,0.4240506381044018,0.30702113579835705
1589551928.7210507,-0.91,-4.03,8.95,0.5433333333333333,0.41333333333333333,-0.6888888888888889,0.01090830782496456,0.03381575425739013,0.04145156973486533,4.4538620849330295,-0.0818123086872342,0.3883357585687383,0.59844970703125,-0.15087890625,-0.12689208984375,0.77655029296875,0.1918826046211334,0.42056425696985505,0.30702113579835705
1589551928.7365286,-0.93,-3.97,8.93,0.5433333333333333,0.41333333333333333,-0.6888888888888889,0.008726646259971648,-0.022907446432425576,0.02399827721492203,4.4538620849330295,-0.0818123086872342,0.3883357585687383,0.59832763671875,-0.15093994140625,-0.12701416015625,0.776611328125,0.2233331025931826,0.45321431320689676,0.30702113579835705
1589551928.7422366,-0.89,-3.99,9.1,0.5488888888888889,0.4088888888888889,-0.7111111111111111,0.04581489286485115,0.044724062082354694,0.15162547876700738,4.452771254150533,-0.08290313946973066,0.3883357585687383,0.5977783203125,-0.151123046875,-0.126708984375,0.77703857421875,0.2233331025931826,0.45321431320689676,0.29969651553482884
1589551928.753318,-0.89,-4.06,8.91,0.5488888888888889,0.4088888888888889,-0.7111111111111111,-0.028361600344907853,0.020725784867432664,0.10690141668465267,4.451680423368036,-0.0839939702522271,0.3883357585687383,0.59735107421875,-0.1514892578125,-0.12677001953125,0.77728271484375,0.17605539363637818,0.44194471376482086,0.2978707932085081
1589551928.7605534,-0.91,-4.07,8.82,0.5488888888888889,0.4088888888888889,-0.7111111111111111,-0.08508480103472357,-0.05999569303730508,0.05890486225480862,4.4505895925855405,-0.08290313946973066,0.3894265893512348,0.59698486328125,-0.15167236328125,-0.1273193359375,0.77740478515625,0.17605539363637818,0.44194471376482086,0.2978707932085081
1589551928.7706945,-0.92,-4.06,8.84,0.5488888888888889,0.4088888888888889,-0.7111111111111111,0.05017821599483697,-0.038179077387375956,-0.11999138607461016,4.451680423368036,-0.08290313946973066,0.3894265893512348,0.59747314453125,-0.1514892578125,-0.12744140625,0.777099609375,0.22019622282487755,0.49094599362502317,0.2978707932085081
1589551928.7830784,-0.91,-3.97,8.98,0.5488888888888889,0.4088888888888889,-0.7111111111111111,-0.06981317007977318,0.00545415391248228,-0.030543261909900768,4.451680423368036,-0.08290313946973066,0.39051742013373125,0.59747314453125,-0.15179443359375,-0.1278076171875,0.77691650390625,0.22019622282487755,0.49094599362502317,0.2962453376934545
